pdb_id,method,resolution_a,comp_id,comp_name,formula,formula_weight,comp_type,smiles,heavy_atoms,auth_asym_ids,classification,tier
1PIN,X-RAY DIFFRACTION,1.35,ALA,ALANINE,C3 H7 N O2,89.093,L-peptide linking,C[C@@H](C(=O)O)N,6,A,additive_code,
1PIN,X-RAY DIFFRACTION,1.35,PRO,PROLINE,C5 H9 N O2,115.13,L-peptide linking,C1C[C@H](NC1)C(=O)O,8,A,additive_code,
1PIN,X-RAY DIFFRACTION,1.35,SO4,SULFATE ION,O4 S,96.063,non-polymer,[O-]S(=O)(=O)[O-],5,A,additive_code,
1PIN,X-RAY DIFFRACTION,1.35,1PG,2-(2-{2-[2-(2-METHOXY-ETHOXY)-ETHOXY]-ETHOXY}-ETHOXY)-ETHANOL,C11 H24 O6,252.305,non-polymer,COCCOCCOCCOCCOCCO,17,A,additive_polyether_structure,
1ZCN,X-RAY DIFFRACTION,1.9,PO4,PHOSPHATE ION,O4 P,94.971,non-polymer,[O-]P(=O)([O-])[O-],5,A,additive_code,
1ZCN,X-RAY DIFFRACTION,1.9,1PE,PENTAETHYLENE GLYCOL,C10 H22 O6,238.278,non-polymer,C(COCCOCCOCCOCCO)O,16,A,additive_code,
2F21,X-RAY DIFFRACTION,1.5,1PE,PENTAETHYLENE GLYCOL,C10 H22 O6,238.278,non-polymer,C(COCCOCCOCCOCCO)O,16,A,additive_code,
2ITK,X-RAY DIFFRACTION,1.45,PE4,2-{2-[2-(2-{2-[2-(2-ETHOXY-ETHOXY)-ETHOXY]-ETHOXY}-ETHOXY)-ETHOXY]-ETHOXY}-ETHANOL,C16 H34 O8,354.436,non-polymer,CCOCCOCCOCCOCCOCCOCCOCCO,24,A,additive_code,
2M9F,SOLUTION NMR,,NAG,2-acetamido-2-deoxy-beta-D-glucopyranose,C8 H15 N O6,221.208,"D-saccharide, beta linking",CC(=O)N[C@@H]1[C@H]([C@@H]([C@H](O[C@H]1O)CO)O)O,15,A,additive_code,
2M9J,SOLUTION NMR,,NAG,2-acetamido-2-deoxy-beta-D-glucopyranose,C8 H15 N O6,221.208,"D-saccharide, beta linking",CC(=O)N[C@@H]1[C@H]([C@@H]([C@H](O[C@H]1O)CO)O)O,15,A,additive_code,
2Q5A,X-RAY DIFFRACTION,1.5,16P,"3,6,9,12,15,18-HEXAOXAICOSANE",C14 H30 O6,294.384,non-polymer,CCOCCOCCOCCOCCOCCOCC,20,A,additive_name,
2XP3,X-RAY DIFFRACTION,2.0,12P,DODECAETHYLENE GLYCOL,C24 H50 O13,546.646,non-polymer,C(COCCOCCOCCOCCOCCOCCOCCOCCOCCOCCOCCO)O,37,A,additive_code,
2XP3,X-RAY DIFFRACTION,2.0,B21,5-(2-METHOXYPHENYL)-2-FUROIC ACID,C12 H10 O4,218.205,non-polymer,COc1ccccc1c2ccc(o2)C(=O)O,16,A,ligand,drug_like
2XP4,X-RAY DIFFRACTION,1.8,12P,DODECAETHYLENE GLYCOL,C24 H50 O13,546.646,non-polymer,C(COCCOCCOCCOCCOCCOCCOCCOCCOCCOCCOCCO)O,37,A,additive_code,
2XP4,X-RAY DIFFRACTION,1.8,G14,2-phenyl-1H-imidazole-4-carboxylic acid,C10 H8 N2 O2,188.183,non-polymer,c1ccc(cc1)c2[nH]cc(n2)C(=O)O,14,A,ligand,drug_like
2XP5,X-RAY DIFFRACTION,1.9,4FF,5-METHYL-2-PHENYL-1H-IMIDAZOLE-4-CARBOXYLIC ACID,C11 H10 N2 O2,202.209,non-polymer,Cc1c(nc([nH]1)c2ccccc2)C(=O)O,15,A,ligand,drug_like
2XP5,X-RAY DIFFRACTION,1.9,12P,DODECAETHYLENE GLYCOL,C24 H50 O13,546.646,non-polymer,C(COCCOCCOCCOCCOCCOCCOCCOCCOCCOCCOCCO)O,37,A,additive_code,
2XP6,X-RAY DIFFRACTION,1.9,4G2,2-(3-CHLORO-PHENYL)-5-METHYL-1H-IMIDAZOLE-4-CARBOXYLIC ACID,C11 H9 Cl N2 O2,236.654,non-polymer,Cc1c(nc([nH]1)c2cccc(c2)Cl)C(=O)O,16,A,ligand,drug_like
2XP6,X-RAY DIFFRACTION,1.9,12P,DODECAETHYLENE GLYCOL,C24 H50 O13,546.646,non-polymer,C(COCCOCCOCCOCCOCCOCCOCCOCCOCCOCCOCCO)O,37,A,additive_code,
2XP7,X-RAY DIFFRACTION,2.0,12P,DODECAETHYLENE GLYCOL,C24 H50 O13,546.646,non-polymer,C(COCCOCCOCCOCCOCCOCCOCCOCCOCCOCCOCCO)O,37,A,additive_code,
2XP7,X-RAY DIFFRACTION,2.0,4F8,"2-PHENYL-1H-IMIDAZOLE-4,5-DICARBOXYLIC ACID",C11 H8 N2 O4,232.192,non-polymer,c1ccc(cc1)c2[nH]c(c(n2)C(=O)O)C(=O)O,17,A,ligand,drug_like
2XP8,X-RAY DIFFRACTION,2.1,4FY,4-(MORPHOLIN-4-YLCARBONYL)-2-PHENYL-1H-IMIDAZOLE-5-CARBOXYLIC ACID,C15 H15 N3 O4,301.297,non-polymer,c1ccc(cc1)c2[nH]c(c(n2)C(=O)N3CCOCC3)C(=O)O,22,A,ligand,drug_like
2XP8,X-RAY DIFFRACTION,2.1,12P,DODECAETHYLENE GLYCOL,C24 H50 O13,546.646,non-polymer,C(COCCOCCOCCOCCOCCOCCOCCOCCOCCOCCOCCO)O,37,A,additive_code,
2XP9,X-RAY DIFFRACTION,1.9,12P,DODECAETHYLENE GLYCOL,C24 H50 O13,546.646,non-polymer,C(COCCOCCOCCOCCOCCOCCOCCOCCOCCOCCOCCO)O,37,A,additive_code,
2XP9,X-RAY DIFFRACTION,1.9,4G8,4-[BENZYL(CARBOXYMETHYL)CARBAMOYL]-2-PHENYL-1H-IMIDAZOLE-5-CARBOXYLIC ACID,C20 H17 N3 O5,379.366,non-polymer,c1ccc(cc1)CN(CC(=O)O)C(=O)c2c([nH]c(n2)c3ccccc3)C(=O)O,28,A,ligand,drug_like
2XPA,X-RAY DIFFRACTION,1.9,12P,DODECAETHYLENE GLYCOL,C24 H50 O13,546.646,non-polymer,C(COCCOCCOCCOCCOCCOCCOCCOCCOCCOCCOCCO)O,37,A,additive_code,
2XPA,X-RAY DIFFRACTION,1.9,4G5,4-[(2-amino-2-oxoethyl)(methyl)carbamoyl]-2-phenyl-1H-imidazole-5-carboxylic acid,C14 H14 N4 O4,302.285,non-polymer,CN(CC(=O)N)C(=O)c1c([nH]c(n1)c2ccccc2)C(=O)O,22,A,ligand,drug_like
2XPB,X-RAY DIFFRACTION,2.0,4GE,5-[BENZYL(METHYL)CARBAMOYL]-2-(3-CHLOROPHENYL)-1H-IMIDAZOLE-4-CARBOXYLIC ACID,C19 H16 Cl N3 O3,369.802,non-polymer,CN(Cc1ccccc1)C(=O)c2c(nc([nH]2)c3cccc(c3)Cl)C(=O)O,26,A,ligand,drug_like
2XPB,X-RAY DIFFRACTION,2.0,12P,DODECAETHYLENE GLYCOL,C24 H50 O13,546.646,non-polymer,C(COCCOCCOCCOCCOCCOCCOCCOCCOCCOCCOCCO)O,37,A,additive_code,
2ZQS,X-RAY DIFFRACTION,1.902,SO4,SULFATE ION,O4 S,96.063,non-polymer,[O-]S(=O)(=O)[O-],5,A,additive_code,
2ZQS,X-RAY DIFFRACTION,1.902,1PG,2-(2-{2-[2-(2-METHOXY-ETHOXY)-ETHOXY]-ETHOXY}-ETHOXY)-ETHANOL,C11 H24 O6,252.305,non-polymer,COCCOCCOCCOCCOCCO,17,A,additive_polyether_structure,
2ZQT,X-RAY DIFFRACTION,1.462,1PG,2-(2-{2-[2-(2-METHOXY-ETHOXY)-ETHOXY]-ETHOXY}-ETHOXY)-ETHANOL,C11 H24 O6,252.305,non-polymer,COCCOCCOCCOCCOCCO,17,A,additive_polyether_structure,
2ZQT,X-RAY DIFFRACTION,1.462,SO4,SULFATE ION,O4 S,96.063,non-polymer,[O-]S(=O)(=O)[O-],5,A,additive_code,
2ZQU,X-RAY DIFFRACTION,2.5,SO4,SULFATE ION,O4 S,96.063,non-polymer,[O-]S(=O)(=O)[O-],5,A,additive_code,
2ZQV,X-RAY DIFFRACTION,2.498,1PG,2-(2-{2-[2-(2-METHOXY-ETHOXY)-ETHOXY]-ETHOXY}-ETHOXY)-ETHANOL,C11 H24 O6,252.305,non-polymer,COCCOCCOCCOCCOCCO,17,A,additive_polyether_structure,
2ZQV,X-RAY DIFFRACTION,2.498,SO4,SULFATE ION,O4 S,96.063,non-polymer,[O-]S(=O)(=O)[O-],5,A,additive_code,
2ZR4,X-RAY DIFFRACTION,2.0,1PG,2-(2-{2-[2-(2-METHOXY-ETHOXY)-ETHOXY]-ETHOXY}-ETHOXY)-ETHANOL,C11 H24 O6,252.305,non-polymer,COCCOCCOCCOCCOCCO,17,A,additive_polyether_structure,
2ZR4,X-RAY DIFFRACTION,2.0,SO4,SULFATE ION,O4 S,96.063,non-polymer,[O-]S(=O)(=O)[O-],5,A,additive_code,
2ZR5,X-RAY DIFFRACTION,2.6,SO4,SULFATE ION,O4 S,96.063,non-polymer,[O-]S(=O)(=O)[O-],5,A,additive_code,
2ZR5,X-RAY DIFFRACTION,2.6,1PG,2-(2-{2-[2-(2-METHOXY-ETHOXY)-ETHOXY]-ETHOXY}-ETHOXY)-ETHANOL,C11 H24 O6,252.305,non-polymer,COCCOCCOCCOCCOCCO,17,A,additive_polyether_structure,
1NMW,SOLUTION NMR,,SO4,SULFATE ION,O4 S,96.063,non-polymer,[O-]S(=O)(=O)[O-],5,A,additive_code,
2ZR6,X-RAY DIFFRACTION,3.2,SO4,SULFATE ION,O4 S,96.063,non-polymer,[O-]S(=O)(=O)[O-],5,A,additive_code,
2ZR6,X-RAY DIFFRACTION,3.2,1PG,2-(2-{2-[2-(2-METHOXY-ETHOXY)-ETHOXY]-ETHOXY}-ETHOXY)-ETHANOL,C11 H24 O6,252.305,non-polymer,COCCOCCOCCOCCOCCO,17,A,additive_polyether_structure,
3I6C,X-RAY DIFFRACTION,1.3,GIA,3-fluoro-N-(naphthalen-2-ylcarbonyl)-D-phenylalanine,C20 H16 F N O3,337.344,non-polymer,c1ccc2cc(ccc2c1)C(=O)N[C@H](Cc3cccc(c3)F)C(=O)O,25,"A,B",ligand,drug_like
3IKD,X-RAY DIFFRACTION,2.0,J9Z,(2R)-2-[(1-benzothiophen-2-ylcarbonyl)amino]-3-phenylpropyl phosphate,C18 H16 N O5 P S,389.362,non-polymer,c1ccc(cc1)C[C@H](COP(=O)([O-])[O-])NC(=O)c2cc3ccccc3s2,26,"A,B",ligand,drug_like
3IKG,X-RAY DIFFRACTION,1.86,J8Z,(2R)-2-[(1-benzothiophen-2-ylcarbonyl)amino]-3-(3-methylphenyl)propyl phosphate,C19 H18 N O5 P S,403.389,non-polymer,Cc1cccc(c1)C[C@H](COP(=O)([O-])[O-])NC(=O)c2cc3ccccc3s2,27,"A,B",ligand,drug_like
3JYJ,X-RAY DIFFRACTION,1.87,JZI,"(2R,4E)-2-[(naphthalen-2-ylcarbonyl)amino]-5-phenylpent-4-enoic acid",C22 H19 N O3,345.391,non-polymer,c1ccc(cc1)/C=C/C[C@H](C(=O)O)NC(=O)c2ccc3ccccc3c2,26,"A,B",ligand,drug_like
3KAB,X-RAY DIFFRACTION,2.19,12P,DODECAETHYLENE GLYCOL,C24 H50 O13,546.646,non-polymer,C(COCCOCCOCCOCCOCCOCCOCCOCCOCCOCCOCCO)O,37,A,additive_code,
3KAB,X-RAY DIFFRACTION,2.19,SO4,SULFATE ION,O4 S,96.063,non-polymer,[O-]S(=O)(=O)[O-],5,A,additive_code,
3KAB,X-RAY DIFFRACTION,2.19,4BL,6-methyl-1H-indole-2-carboxylic acid,C10 H9 N O2,175.184,non-polymer,Cc1ccc2cc([nH]c2c1)C(=O)O,13,A,ligand,drug_like
3KAC,X-RAY DIFFRACTION,2.0,4BX,3-(1H-benzimidazol-2-yl)propanoic acid,C10 H10 N2 O2,190.199,non-polymer,c1ccc2c(c1)[nH]c(n2)CCC(=O)O,14,"A,B",ligand,drug_like
3KAD,X-RAY DIFFRACTION,1.95,4C0,3-(1H-benzimidazol-2-yl)-N-(3-phenylpropanoyl)-D-alanine,C19 H19 N3 O3,337.372,non-polymer,c1ccc(cc1)CCC(=O)N[C@H](Cc2[nH]c3ccccc3n2)C(=O)O,25,A,ligand,drug_like
3KAD,X-RAY DIFFRACTION,1.95,12P,DODECAETHYLENE GLYCOL,C24 H50 O13,546.646,non-polymer,C(COCCOCCOCCOCCOCCOCCOCCOCCOCCOCCOCCO)O,37,A,additive_code,
3KAF,X-RAY DIFFRACTION,2.3,4D9,3-(1H-benzimidazol-2-yl)-N-(1-benzothiophen-2-ylcarbonyl)-D-alanine,C19 H15 N3 O3 S,365.406,non-polymer,c1ccc2c(c1)cc(s2)C(=O)N[C@H](Cc3[nH]c4ccccc4n3)C(=O)O,26,A,ligand,drug_like
3KAG,X-RAY DIFFRACTION,1.9,4D7,3-(1H-benzimidazol-2-yl)-N-[(2-methylfuran-3-yl)carbonyl]-D-alanine,C16 H15 N3 O4,313.308,non-polymer,Cc1c(cco1)C(=O)N[C@H](Cc2[nH]c3ccccc3n2)C(=O)O,23,A,ligand,drug_like
3KAG,X-RAY DIFFRACTION,1.9,12P,DODECAETHYLENE GLYCOL,C24 H50 O13,546.646,non-polymer,C(COCCOCCOCCOCCOCCOCCOCCOCCOCCOCCOCCO)O,37,A,additive_code,
3KAH,X-RAY DIFFRACTION,2.3,12P,DODECAETHYLENE GLYCOL,C24 H50 O13,546.646,non-polymer,C(COCCOCCOCCOCCOCCOCCOCCOCCOCCOCCOCCO)O,37,A,additive_code,
3KAH,X-RAY DIFFRACTION,2.3,4DH,3-(1H-benzimidazol-2-yl)-N-[(1-methyl-3-phenyl-1H-pyrazol-5-yl)carbonyl]-D-alanine,C21 H19 N5 O3,389.407,non-polymer,Cn1c(cc(n1)c2ccccc2)C(=O)N[C@H](Cc3[nH]c4ccccc4n3)C(=O)O,29,A,ligand,drug_like
3KAI,X-RAY DIFFRACTION,1.9,12P,DODECAETHYLENE GLYCOL,C24 H50 O13,546.646,non-polymer,C(COCCOCCOCCOCCOCCOCCOCCOCCOCCOCCOCCO)O,37,A,additive_code,
3KAI,X-RAY DIFFRACTION,1.9,4FI,(2R)-2-[(2-methyl-5-phenyl-pyrazol-3-yl)carbonylamino]-3-naphthalen-2-yl-propanoic acid,C24 H21 N3 O3,399.442,non-polymer,Cn1c(cc(n1)c2ccccc2)C(=O)N[C@H](Cc3ccc4ccccc4c3)C(=O)O,30,A,ligand,drug_like
3KCE,X-RAY DIFFRACTION,1.9,4BY,5-methyl-1H-indole-2-carboxylic acid,C10 H9 N O2,175.184,non-polymer,Cc1ccc2c(c1)cc([nH]2)C(=O)O,13,A,ligand,drug_like
3KCE,X-RAY DIFFRACTION,1.9,12P,DODECAETHYLENE GLYCOL,C24 H50 O13,546.646,non-polymer,C(COCCOCCOCCOCCOCCOCCOCCOCCOCCOCCOCCO)O,37,A,additive_code,
3NTP,X-RAY DIFFRACTION,1.762,RZD,(2R)-2-(acetylamino)-3-[(2S)-2-{[2-(1H-indol-3-yl)ethyl]carbamoyl}pyrrolidin-1-yl]propyl dihydrogen phosphate,C20 H29 N4 O6 P,452.441,non-polymer,CC(=O)N[C@H](C[N@@]1CCC[C@H]1C(=O)NCCc2c[nH]c3c2cccc3)COP(=O)(O)O,31,A,ligand,drug_like
3NTP,X-RAY DIFFRACTION,1.762,PE8,"3,6,9,12,15,18,21-HEPTAOXATRICOSANE-1,23-DIOL",C16 H34 O9,370.436,non-polymer,C(COCCOCCOCCOCCOCCOCCOCCO)O,25,A,additive_code,
3ODK,X-RAY DIFFRACTION,2.3,PE4,2-{2-[2-(2-{2-[2-(2-ETHOXY-ETHOXY)-ETHOXY]-ETHOXY}-ETHOXY)-ETHOXY]-ETHOXY}-ETHANOL,C16 H34 O8,354.436,non-polymer,CCOCCOCCOCCOCCOCCOCCOCCO,24,A,additive_code,
3ODK,X-RAY DIFFRACTION,2.3,ODK,3-pyridin-2-yl-1H-pyrazole-5-carboxylic acid,C9 H7 N3 O2,189.171,non-polymer,c1ccnc(c1)c2cc([nH]n2)C(=O)O,14,A,ligand,drug_like
3OOB,X-RAY DIFFRACTION,1.89,PE4,2-{2-[2-(2-{2-[2-(2-ETHOXY-ETHOXY)-ETHOXY]-ETHOXY}-ETHOXY)-ETHOXY]-ETHOXY}-ETHANOL,C16 H34 O8,354.436,non-polymer,CCOCCOCCOCCOCCOCCOCCOCCO,24,A,additive_code,
3OOB,X-RAY DIFFRACTION,1.89,KDH,"(2R,3R)-5,7-dihydroxy-2-(3,4,5-trihydroxyphenyl)-3,4-dihydro-2H-chromen-3-yl 3,4,5-trihydroxybenzoate",C22 H18 O11,458.372,non-polymer,c1c(cc(c(c1O)O)O)[C@@H]2[C@@H](Cc3c(cc(cc3O2)O)O)OC(=O)c4cc(c(c(c4)O)O)O,33,A,ligand,drug_like
3OOB,X-RAY DIFFRACTION,1.89,SO4,SULFATE ION,O4 S,96.063,non-polymer,[O-]S(=O)(=O)[O-],5,A,additive_code,
3TCZ,X-RAY DIFFRACTION,2.1,R2Z,"N~2~-({(1R,2Z)-2-[(2R)-2-(formylamino)-3-(phosphonooxy)propylidene]cyclopentyl}carbonyl)-L-argininamide",C16 H29 N6 O7 P,448.411,non-polymer,[H]/N=C(\N)/NCCC[C@@H](C(=O)N)NC(=O)[C@@H]\1CCC/C1=C/[C@H](COP(=O)(O)O)NC=O,30,A,ligand,drug_like
3TCZ,X-RAY DIFFRACTION,2.1,PE4,2-{2-[2-(2-{2-[2-(2-ETHOXY-ETHOXY)-ETHOXY]-ETHOXY}-ETHOXY)-ETHOXY]-ETHOXY}-ETHANOL,C16 H34 O8,354.436,non-polymer,CCOCCOCCOCCOCCOCCOCCOCCO,24,A,additive_code,
3TDB,X-RAY DIFFRACTION,2.267,3TB,"N-[(1E,2R)-1-[(2R)-2-{[(2S)-1-amino-5-carbamimidamido-1-oxopentan-2-yl]carbamoyl}cyclopentylidene]-3-(phosphonooxy)propan-2-yl]-L-phenylalaninamide",C24 H38 N7 O7 P,567.575,non-polymer,[H]/N=C(\N)/NCCC[C@@H](C(=O)N)NC(=O)[C@@H]\1CCC/C1=C\[C@H](COP(=O)(O)O)NC(=O)[C@H](Cc2ccccc2)N,39,A,ligand,drug_like
3TDB,X-RAY DIFFRACTION,2.267,PE4,2-{2-[2-(2-{2-[2-(2-ETHOXY-ETHOXY)-ETHOXY]-ETHOXY}-ETHOXY)-ETHOXY]-ETHOXY}-ETHANOL,C16 H34 O8,354.436,non-polymer,CCOCCOCCOCCOCCOCCOCCOCCO,24,A,additive_code,
3WH0,X-RAY DIFFRACTION,1.6,SO4,SULFATE ION,O4 S,96.063,non-polymer,[O-]S(=O)(=O)[O-],5,A,additive_code,
3WH0,X-RAY DIFFRACTION,1.6,O4B,"1,4,7,10,13,16-HEXAOXACYCLOOCTADECANE",C12 H24 O6,264.315,non-polymer,C1COCCOCCOCCOCCOCCO1,18,A,additive_name,
3WH0,X-RAY DIFFRACTION,1.6,DTT,"2,3-DIHYDROXY-1,4-DITHIOBUTANE",C4 H10 O2 S2,154.251,non-polymer,C([C@@H]([C@H](CS)O)O)S,8,A,additive_code,
4GWT,X-RAY DIFFRACTION,2.25,LMR,(2S)-2-hydroxybutanedioic acid,C4 H6 O5,134.087,non-polymer,C([C@@H](C(=O)O)O)C(=O)O,9,A,additive_code,
4GWV,X-RAY DIFFRACTION,3.05,FLC,CITRATE ANION,C6 H5 O7,189.1,non-polymer,C(C(=O)[O-])C(CC(=O)[O-])(C(=O)[O-])O,13,A,additive_code,
4QIB,X-RAY DIFFRACTION,1.865,PE4,2-{2-[2-(2-{2-[2-(2-ETHOXY-ETHOXY)-ETHOXY]-ETHOXY}-ETHOXY)-ETHOXY]-ETHOXY}-ETHANOL,C16 H34 O8,354.436,non-polymer,CCOCCOCCOCCOCCOCCOCCOCCO,24,A,additive_code,
4QIB,X-RAY DIFFRACTION,1.865,SO4,SULFATE ION,O4 S,96.063,non-polymer,[O-]S(=O)(=O)[O-],5,A,additive_code,
4TNS,X-RAY DIFFRACTION,1.33,REA,RETINOIC ACID,C20 H28 O2,300.435,non-polymer,CC1=C(C(CCC1)(C)C)/C=C/C(=C/C=C/C(=C/C(=O)O)/C)/C,22,A,ligand,drug_like
4TYO,X-RAY DIFFRACTION,1.75,39X,3-(6-fluoro-1H-benzimidazol-2-yl)-N-(naphthalen-2-ylcarbonyl)-D-alanine,C21 H16 F N3 O3,377.368,non-polymer,c1ccc2cc(ccc2c1)C(=O)N[C@H](Cc3[nH]c4cc(ccc4n3)F)C(=O)O,28,"A,B",ligand,drug_like
4TYO,X-RAY DIFFRACTION,1.75,GOL,GLYCEROL,C3 H8 O3,92.094,non-polymer,C(C(CO)O)O,6,"A,B",additive_code,
4U84,X-RAY DIFFRACTION,1.78,15P,POLYETHYLENE GLYCOL (N=34),C69 H140 O35,1529.829,non-polymer,COCCOCCOCCOCCOCCOCCOCCOCCOCCOCCOCCOCCOCCOCCOCCOCCOCCOCCOCCOCCOCCOCCOCCOCCOCCOCCOCCOCCOCCOCCOCCOCCOCCOCCO,104,A,additive_code,
4U85,X-RAY DIFFRACTION,1.7,15P,POLYETHYLENE GLYCOL (N=34),C69 H140 O35,1529.829,non-polymer,COCCOCCOCCOCCOCCOCCOCCOCCOCCOCCOCCOCCOCCOCCOCCOCCOCCOCCOCCOCCOCCOCCOCCOCCOCCOCCOCCOCCOCCOCCOCCOCCOCCOCCO,104,A,additive_code,
4U86,X-RAY DIFFRACTION,1.6,1PG,2-(2-{2-[2-(2-METHOXY-ETHOXY)-ETHOXY]-ETHOXY}-ETHOXY)-ETHANOL,C11 H24 O6,252.305,non-polymer,COCCOCCOCCOCCOCCO,17,A,additive_polyether_structure,
5B3W,X-RAY DIFFRACTION,2.4,CIT,CITRIC ACID,C6 H8 O7,192.124,non-polymer,C(C(=O)O)C(CC(=O)O)(C(=O)O)O,13,B,additive_code,
5UY9,X-RAY DIFFRACTION,1.85,PE4,2-{2-[2-(2-{2-[2-(2-ETHOXY-ETHOXY)-ETHOXY]-ETHOXY}-ETHOXY)-ETHOXY]-ETHOXY}-ETHANOL,C16 H34 O8,354.436,non-polymer,CCOCCOCCOCCOCCOCCOCCOCCO,24,A,additive_code,
5UY9,X-RAY DIFFRACTION,1.85,SO4,SULFATE ION,O4 S,96.063,non-polymer,[O-]S(=O)(=O)[O-],5,"A,B",additive_code,
5VTI,X-RAY DIFFRACTION,1.8,CL,CHLORIDE ION,Cl,35.453,non-polymer,[Cl-],1,A,additive_code,
5VTJ,X-RAY DIFFRACTION,1.5,SO4,SULFATE ION,O4 S,96.063,non-polymer,[O-]S(=O)(=O)[O-],5,A,additive_code,
5VTK,X-RAY DIFFRACTION,1.99,CL,CHLORIDE ION,Cl,35.453,non-polymer,[Cl-],1,A,additive_code,
6DUN,X-RAY DIFFRACTION,1.59,TAS,TRIHYDROXYARSENITE(III),As H3 O3,125.944,non-polymer,O[As](O)O,4,"A,B",additive_code,
3TC5,X-RAY DIFFRACTION,1.4,3T5,"(11alpha,16alpha)-9-fluoro-11,17-dihydroxy-16-methyl-3,20-dioxopregna-1,4-dien-21-yl dihydrogen phosphate",C22 H30 F O8 P,472.441,non-polymer,C[C@@H]1C[C@H]2[C@@H]3CCC4=CC(=O)C=C[C@@]4([C@]3([C@H](C[C@@]2([C@]1(C(=O)COP(=O)(O)O)O)C)O)F)C,32,A,ligand,drug_like
3TC5,X-RAY DIFFRACTION,1.4,P6G,HEXAETHYLENE GLYCOL,C12 H26 O7,282.331,non-polymer,C(COCCOCCOCCOCCOCCO)O,19,A,additive_code,
6O33,X-RAY DIFFRACTION,1.74,SO4,SULFATE ION,O4 S,96.063,non-polymer,[O-]S(=O)(=O)[O-],5,A,additive_code,
6O34,X-RAY DIFFRACTION,1.57,2PE,NONAETHYLENE GLYCOL,C18 H38 O10,414.488,non-polymer,C(COCCOCCOCCOCCOCCOCCOCCOCCO)O,28,A,additive_code,
6O34,X-RAY DIFFRACTION,1.57,GOL,GLYCEROL,C3 H8 O3,92.094,non-polymer,C(C(CO)O)O,6,A,additive_code,
6O34,X-RAY DIFFRACTION,1.57,SO4,SULFATE ION,O4 S,96.063,non-polymer,[O-]S(=O)(=O)[O-],5,A,additive_code,
6VAJ,X-RAY DIFFRACTION,1.42,QT7,"2-chloro-N-(2,2-dimethylpropyl)-N-[(3R)-1,1-dioxo-1lambda~6~-thiolan-3-yl]acetamide",C11 H20 Cl N O3 S,281.799,non-polymer,CC(C)(C)CN([C@@H]1CCS(=O)(=O)C1)C(=O)CCl,17,A,ligand,drug_like
6VAJ,X-RAY DIFFRACTION,1.42,PG4,TETRAETHYLENE GLYCOL,C8 H18 O5,194.226,non-polymer,C(COCCOCCOCCO)O,13,A,additive_code,
6VAJ,X-RAY DIFFRACTION,1.42,SO4,SULFATE ION,O4 S,96.063,non-polymer,[O-]S(=O)(=O)[O-],5,A,additive_code,
7AOG,X-RAY DIFFRACTION,1.5,CA,CALCIUM ION,Ca,40.078,non-polymer,[Ca+2],1,A,additive_code,
7AOG,X-RAY DIFFRACTION,1.5,CL,CHLORIDE ION,Cl,35.453,non-polymer,[Cl-],1,A,additive_code,
7AXN,X-RAY DIFFRACTION,1.4,S6B,3-chloranyl-4-imidazol-1-yl-benzaldehyde,C10 H9 Cl N2 O,208.644,non-polymer,c1cc(c(cc1CO)Cl)n2ccnc2,14,A,ligand,drug_like
7AXN,X-RAY DIFFRACTION,1.4,CL,CHLORIDE ION,Cl,35.453,non-polymer,[Cl-],1,A,additive_code,
7AXN,X-RAY DIFFRACTION,1.4,CA,CALCIUM ION,Ca,40.078,non-polymer,[Ca+2],1,A,additive_code,
7AYF,X-RAY DIFFRACTION,1.752,S9E,6-(2-bromanylimidazol-1-yl)pyridine-3-carbaldehyde,C9 H6 Br N3 O,252.067,non-polymer,c1cc(ncc1C=O)n2ccnc2Br,14,A,ligand,drug_like
7AYF,X-RAY DIFFRACTION,1.752,CA,CALCIUM ION,Ca,40.078,non-polymer,[Ca+2],1,A,additive_code,
7AZ1,X-RAY DIFFRACTION,1.15,SGH,1-[4-methyl-3-(trifluoromethyl)phenyl]-2-phenyl-imidazole,C17 H13 F3 N2,302.294,non-polymer,Cc1ccc(cc1C(F)(F)F)n2ccnc2c3ccccc3,22,A,ligand,drug_like
7AZ1,X-RAY DIFFRACTION,1.15,CA,CALCIUM ION,Ca,40.078,non-polymer,[Ca+2],1,A,additive_code,
7AZ1,X-RAY DIFFRACTION,1.15,CL,CHLORIDE ION,Cl,35.453,non-polymer,[Cl-],1,A,additive_code,
7AZ2,X-RAY DIFFRACTION,1.081,CL,CHLORIDE ION,Cl,35.453,non-polymer,[Cl-],1,A,additive_code,
7AZ2,X-RAY DIFFRACTION,1.081,CA,CALCIUM ION,Ca,40.078,non-polymer,[Ca+2],1,A,additive_code,
7AZ2,X-RAY DIFFRACTION,1.081,SFW,1-[4-methyl-2-(trifluoromethyl)phenyl]-2-phenyl-imidazole,C17 H13 F3 N2,302.294,non-polymer,Cc1ccc(c(c1)C(F)(F)F)n2ccnc2c3ccccc3,22,A,ligand,drug_like
7BDP,X-RAY DIFFRACTION,1.75,TJB,2-chloranyl-4-(2-phenylimidazol-1-yl)benzaldehyde,C16 H11 Cl N2 O,282.724,non-polymer,c1ccc(cc1)c2nccn2c3ccc(c(c3)Cl)C=O,20,A,ligand,drug_like
7BDP,X-RAY DIFFRACTION,1.75,MG,MAGNESIUM ION,Mg,24.305,non-polymer,[Mg+2],1,A,additive_code,
7BDT,X-RAY DIFFRACTION,1.75,TJ8,2-bromanyl-4-(2-phenylimidazol-1-yl)benzaldehyde,C16 H11 Br N2 O,327.175,non-polymer,c1ccc(cc1)c2nccn2c3ccc(c(c3)Br)C=O,20,A,ligand,drug_like
7BDT,X-RAY DIFFRACTION,1.75,MG,MAGNESIUM ION,Mg,24.305,non-polymer,[Mg+2],1,A,additive_code,
7BDY,X-RAY DIFFRACTION,1.801,TJK,2-bromanyl-4-[2-(5-bromanyl-2-fluoranyl-phenyl)imidazol-1-yl]benzaldehyde,C16 H9 Br2 F N2 O,424.062,non-polymer,c1cc(c(cc1n2ccnc2c3cc(ccc3F)Br)Br)C=O,22,A,ligand,drug_like
7BDY,X-RAY DIFFRACTION,1.801,CA,CALCIUM ION,Ca,40.078,non-polymer,[Ca+2],1,A,additive_code,
7BDY,X-RAY DIFFRACTION,1.801,CL,CHLORIDE ION,Cl,35.453,non-polymer,[Cl-],1,A,additive_code,
7BDY,X-RAY DIFFRACTION,1.801,MG,MAGNESIUM ION,Mg,24.305,non-polymer,[Mg+2],1,A,additive_code,
7BFW,X-RAY DIFFRACTION,1.8,TKH,"[4-[2-[2,4-bis(fluoranyl)phenyl]imidazol-1-yl]-2-bromanyl-phenyl]methanol",C16 H9 Br F2 N2 O,363.156,non-polymer,c1cc(c(cc1n2ccnc2c3ccc(cc3F)F)Br)C=O,22,A,ligand,drug_like
7BFW,X-RAY DIFFRACTION,1.8,CA,CALCIUM ION,Ca,40.078,non-polymer,[Ca+2],1,A,additive_code,
7BFW,X-RAY DIFFRACTION,1.8,CL,CHLORIDE ION,Cl,35.453,non-polymer,[Cl-],1,A,additive_code,
7BG3,X-RAY DIFFRACTION,1.4,TKK,1-(3-bromanyl-4-methyl-phenyl)-2-(2-bromophenyl)imidazole,C16 H10 Br2 N2 O,406.071,non-polymer,c1ccc(c(c1)c2nccn2c3ccc(c(c3)Br)C=O)Br,21,A,ligand,drug_like
7BG3,X-RAY DIFFRACTION,1.4,CA,CALCIUM ION,Ca,40.078,non-polymer,[Ca+2],1,A,additive_code,
7BG3,X-RAY DIFFRACTION,1.4,CL,CHLORIDE ION,Cl,35.453,non-polymer,[Cl-],1,A,additive_code,
7BGQ,X-RAY DIFFRACTION,1.75,TL8,2-methoxy-4-(2-phenylimidazol-1-yl)benzaldehyde,C17 H14 N2 O2,278.305,non-polymer,COc1cc(ccc1C=O)n2ccnc2c3ccccc3,21,A,ligand,drug_like
7BGQ,X-RAY DIFFRACTION,1.75,CA,CALCIUM ION,Ca,40.078,non-polymer,[Ca+2],1,A,additive_code,
7BGQ,X-RAY DIFFRACTION,1.75,CL,CHLORIDE ION,Cl,35.453,non-polymer,[Cl-],1,A,additive_code,
7BGR,X-RAY DIFFRACTION,1.8,TQK,2-methyl-4-(2-phenylimidazol-1-yl)benzaldehyde,C17 H14 N2 O,262.306,non-polymer,Cc1cc(ccc1C=O)n2ccnc2c3ccccc3,20,A,ligand,drug_like
7BGR,X-RAY DIFFRACTION,1.8,CA,CALCIUM ION,Ca,40.078,non-polymer,[Ca+2],1,A,additive_code,
7BGR,X-RAY DIFFRACTION,1.8,CL,CHLORIDE ION,Cl,35.453,non-polymer,[Cl-],1,A,additive_code,
7BGV,X-RAY DIFFRACTION,1.683,CA,CALCIUM ION,Ca,40.078,non-polymer,[Ca+2],1,A,additive_code,
7BGV,X-RAY DIFFRACTION,1.683,CL,CHLORIDE ION,Cl,35.453,non-polymer,[Cl-],1,A,additive_code,
7BGV,X-RAY DIFFRACTION,1.683,MG,MAGNESIUM ION,Mg,24.305,non-polymer,[Mg+2],1,A,additive_code,
7BGV,X-RAY DIFFRACTION,1.683,TLK,3-methoxy-4-(2-phenylimidazol-1-yl)benzaldehyde,C17 H14 N2 O2,278.305,non-polymer,COc1cc(ccc1n2ccnc2c3ccccc3)C=O,21,A,ligand,drug_like
7BGW,X-RAY DIFFRACTION,1.9,TLQ,4-(2-phenylimidazol-1-yl)naphthalene-1-carbaldehyde,C20 H14 N2 O,298.338,non-polymer,c1ccc(cc1)c2nccn2c3ccc(c4c3cccc4)C=O,23,A,ligand,drug_like
7BGW,X-RAY DIFFRACTION,1.9,CA,CALCIUM ION,Ca,40.078,non-polymer,[Ca+2],1,A,additive_code,
7BGW,X-RAY DIFFRACTION,1.9,CL,CHLORIDE ION,Cl,35.453,non-polymer,[Cl-],1,A,additive_code,
7BGW,X-RAY DIFFRACTION,1.9,NA,SODIUM ION,Na,22.99,non-polymer,[Na+],1,A,additive_code,
7EFJ,X-RAY DIFFRACTION,1.992,J2C,"8-(2-chloroacetyl)-4-(furan-2-ylmethyl)-1-thia-4,8-diazaspiro[4.5]decan-3-one",C14 H17 Cl N2 O3 S,328.814,non-polymer,c1cc(oc1)CN2C(=O)CSC23CCN(CC3)C(=O)CCl,21,A,ligand,drug_like
7EFJ,X-RAY DIFFRACTION,1.992,PE8,"3,6,9,12,15,18,21-HEPTAOXATRICOSANE-1,23-DIOL",C16 H34 O9,370.436,non-polymer,C(COCCOCCOCCOCCOCCOCCOCCO)O,25,A,additive_code,
7EFX,X-RAY DIFFRACTION,2.41,J3X,"4-((5-bromofuran-2-yl)methyl)-8-(2-chloroacetyl)-1-thia-4,8-diazaspiro[4.5]decan-3-one",C14 H16 Br Cl N2 O3 S,407.71,non-polymer,c1cc(oc1CN2C(=O)CSC23CCN(CC3)C(=O)CCl)Br,22,A,ligand,drug_like
7EKV,X-RAY DIFFRACTION,1.95,J50,"8-(2-chloroacetyl)-4-((5-phenylfuran-2-yl)methyl)-1-thia-4,8-diazaspiro[4.5]decan-3-one",C20 H21 Cl N2 O3 S,404.91,non-polymer,c1ccc(cc1)c2ccc(o2)CN3C(=O)CSC34CCN(CC4)C(=O)CCl,27,A,ligand,drug_like
7EKV,X-RAY DIFFRACTION,1.95,PE8,"3,6,9,12,15,18,21-HEPTAOXATRICOSANE-1,23-DIOL",C16 H34 O9,370.436,non-polymer,C(COCCOCCOCCOCCOCCOCCOCCO)O,25,A,additive_code,
7F0M,X-RAY DIFFRACTION,1.9,0BF,"8-(2-chloranylethanoyl)-4-[(5-naphthalen-1-ylfuran-2-yl)methyl]-1-thia-4,8-diazaspiro[4.5]decan-3-one",C24 H23 Cl N2 O3 S,454.969,non-polymer,c1ccc2c(c1)cccc2c3ccc(o3)CN4C(=O)CSC45CCN(CC5)C(=O)CCl,31,"A,B,C,D",ligand,drug_like
7F0M,X-RAY DIFFRACTION,1.9,P33,"3,6,9,12,15,18-HEXAOXAICOSANE-1,20-DIOL",C14 H30 O8,326.383,non-polymer,C(COCCOCCOCCOCCOCCOCCO)O,22,"A,B,C,D",additive_code,
7NIF,X-RAY DIFFRACTION,1.71,P5N,1-(4-methylphenyl)imidazole,C10 H8 N2 O,172.183,non-polymer,c1cc(ccc1C=O)n2ccnc2,13,A,ligand,drug_like
7NIF,X-RAY DIFFRACTION,1.71,CA,CALCIUM ION,Ca,40.078,non-polymer,[Ca+2],1,A,additive_code,
7NIF,X-RAY DIFFRACTION,1.71,CL,CHLORIDE ION,Cl,35.453,non-polymer,[Cl-],1,A,additive_code,
7NIG,X-RAY DIFFRACTION,1.9,UFH,2-bromanyl-4-imidazol-1-yl-benzaldehyde,C10 H7 Br N2 O,251.079,non-polymer,c1cc(c(cc1n2ccnc2)Br)C=O,14,A,ligand,drug_like
7NIG,X-RAY DIFFRACTION,1.9,CA,CALCIUM ION,Ca,40.078,non-polymer,[Ca+2],1,A,additive_code,
7NIG,X-RAY DIFFRACTION,1.9,CL,CHLORIDE ION,Cl,35.453,non-polymer,[Cl-],1,A,additive_code,
7NJ6,X-RAY DIFFRACTION,1.59,UG5,4-[4-(trifluoromethyl)imidazol-1-yl]benzaldehyde,C11 H7 F3 N2 O,240.181,non-polymer,c1cc(ccc1C=O)n2cc(nc2)C(F)(F)F,17,A,ligand,drug_like
7NJ6,X-RAY DIFFRACTION,1.59,CA,CALCIUM ION,Ca,40.078,non-polymer,[Ca+2],1,A,additive_code,
7NJ8,X-RAY DIFFRACTION,1.8,JFS,[4-(1H-benzimidazol-1-yl)phenyl]methanol,C14 H12 N2 O,224.258,non-polymer,c1ccc2c(c1)ncn2c3ccc(cc3)CO,17,A,ligand,drug_like
7NJ8,X-RAY DIFFRACTION,1.8,CA,CALCIUM ION,Ca,40.078,non-polymer,[Ca+2],1,A,additive_code,
7NJ8,X-RAY DIFFRACTION,1.8,MG,MAGNESIUM ION,Mg,24.305,non-polymer,[Mg+2],1,A,additive_code,
7NJA,X-RAY DIFFRACTION,1.75,UG2,[4-(2-phenylimidazol-1-yl)phenyl]methanol,C16 H14 N2 O,250.295,non-polymer,c1ccc(cc1)c2nccn2c3ccc(cc3)CO,19,A,ligand,drug_like
7NJA,X-RAY DIFFRACTION,1.75,CL,CHLORIDE ION,Cl,35.453,non-polymer,[Cl-],1,A,additive_code,
7NRK,X-RAY DIFFRACTION,1.75,UPQ,4-(4-methylimidazol-1-yl)benzaldehyde,C11 H10 N2 O,186.21,non-polymer,Cc1cn(cn1)c2ccc(cc2)C=O,14,A,ligand,drug_like
7NRK,X-RAY DIFFRACTION,1.75,CA,CALCIUM ION,Ca,40.078,non-polymer,[Ca+2],1,A,additive_code,
7NRK,X-RAY DIFFRACTION,1.75,CL,CHLORIDE ION,Cl,35.453,non-polymer,[Cl-],1,A,additive_code,
7NRK,X-RAY DIFFRACTION,1.75,PEG,DI(HYDROXYETHYL)ETHER,C4 H10 O3,106.12,non-polymer,C(COCCO)O,7,A,additive_code,
7NRL,X-RAY DIFFRACTION,1.8,UPK,2-(hydroxymethyl)-5-(2-phenylimidazol-1-yl)phenol,C16 H12 N2 O2,264.279,non-polymer,c1ccc(cc1)c2nccn2c3ccc(c(c3)O)C=O,20,A,ligand,drug_like
7NRL,X-RAY DIFFRACTION,1.8,GOL,GLYCEROL,C3 H8 O3,92.094,non-polymer,C(C(CO)O)O,6,A,additive_code,
7NRL,X-RAY DIFFRACTION,1.8,PEG,DI(HYDROXYETHYL)ETHER,C4 H10 O3,106.12,non-polymer,C(COCCO)O,7,A,additive_code,
7NRL,X-RAY DIFFRACTION,1.8,MG,MAGNESIUM ION,Mg,24.305,non-polymer,[Mg+2],1,A,additive_code,
7OQ9,X-RAY DIFFRACTION,1.8,CL,CHLORIDE ION,Cl,35.453,non-polymer,[Cl-],1,A,additive_code,
7OQ9,X-RAY DIFFRACTION,1.8,0AW,"~{N}-[(5-carbamimidoyl-3-phenyl-thiophen-2-yl)methyl]-2,3-dihydro-1-benzofuran-5-carboxamide",C21 H19 N3 O2 S,377.459,non-polymer,[H]/N=C(/c1cc(c(s1)CNC(=O)c2ccc3c(c2)CCO3)c4ccccc4)\N,27,A,ligand,drug_like
7OQA,X-RAY DIFFRACTION,1.8,09W,"~{N}-[(5-carbamimidoyl-3-phenyl-thiophen-2-yl)methyl]-2,3-dihydro-1-benzofuran-7-carboxamide",C21 H19 N3 O2 S,377.459,non-polymer,[H]/N=C(/c1cc(c(s1)CNC(=O)c2cccc3c2OCC3)c4ccccc4)\N,27,A,ligand,drug_like
7OQA,X-RAY DIFFRACTION,1.8,CL,CHLORIDE ION,Cl,35.453,non-polymer,[Cl-],1,A,additive_code,
8C2G,X-RAY DIFFRACTION,1.6,T85,2-iodanyl-4-(2-phenylimidazol-1-yl)benzaldehyde,C16 H11 I N2 O,374.176,non-polymer,c1ccc(cc1)c2nccn2c3ccc(c(c3)I)C=O,20,A,ligand,drug_like
8C2G,X-RAY DIFFRACTION,1.6,MG,MAGNESIUM ION,Mg,24.305,non-polymer,[Mg+2],1,A,additive_code,
8C3C,X-RAY DIFFRACTION,1.6,MG,MAGNESIUM ION,Mg,24.305,non-polymer,[Mg+2],1,A,additive_code,
8C3C,X-RAY DIFFRACTION,1.6,FSC,FUSICOCCIN,C36 H56 O12,680.823,non-polymer,C[C@@H]1[C@@H]\2CC[C@@H](/C2=C/[C@]3([C@H](CC(=C3[C@H]([C@@H]1O)O[C@@H]4[C@@H]([C@H]([C@@H]([C@H](O4)COC(C)(C)C=C)O)OC(=O)C)O)[C@H](C)COC(=O)C)O)C)COC,48,A,ligand,drug_like
8VJD,X-RAY DIFFRACTION,1.57,P33,"3,6,9,12,15,18-HEXAOXAICOSANE-1,20-DIOL",C14 H30 O8,326.383,non-polymer,C(COCCOCCOCCOCCOCCOCCO)O,22,"A,B",additive_code,
8VJD,X-RAY DIFFRACTION,1.57,SO4,SULFATE ION,O4 S,96.063,non-polymer,[O-]S(=O)(=O)[O-],5,"A,B",additive_code,
8VJE,X-RAY DIFFRACTION,1.7,SO4,SULFATE ION,O4 S,96.063,non-polymer,[O-]S(=O)(=O)[O-],5,A,additive_code,
8VJE,X-RAY DIFFRACTION,1.7,DTT,"2,3-DIHYDROXY-1,4-DITHIOBUTANE",C4 H10 O2 S2,154.251,non-polymer,C([C@@H]([C@H](CS)O)O)S,8,A,additive_code,
8VJE,X-RAY DIFFRACTION,1.7,P33,"3,6,9,12,15,18-HEXAOXAICOSANE-1,20-DIOL",C14 H30 O8,326.383,non-polymer,C(COCCOCCOCCOCCOCCOCCO)O,22,A,additive_code,
8VJF,X-RAY DIFFRACTION,1.7,P33,"3,6,9,12,15,18-HEXAOXAICOSANE-1,20-DIOL",C14 H30 O8,326.383,non-polymer,C(COCCOCCOCCOCCOCCOCCO)O,22,A,additive_code,
8VJF,X-RAY DIFFRACTION,1.7,DTT,"2,3-DIHYDROXY-1,4-DITHIOBUTANE",C4 H10 O2 S2,154.251,non-polymer,C([C@@H]([C@H](CS)O)O)S,8,A,additive_code,
8VJF,X-RAY DIFFRACTION,1.7,SO4,SULFATE ION,O4 S,96.063,non-polymer,[O-]S(=O)(=O)[O-],5,A,additive_code,
8VJG,X-RAY DIFFRACTION,1.58,A1ACH,"Nalpha-{(2S)-1-[(3S)-2-acetyl-2,3,4,9-tetrahydro-1H-pyrido[3,4-b]indole-3-carbonyl]piperidine-2-carbonyl}-5-fluoro-L-tryptophanamide",C31 H33 F N6 O4,572.63,non-polymer,CC(=O)N1Cc2c(c3ccccc3[nH]2)C[C@H]1C(=O)N4CCCC[C@H]4C(=O)N[C@@H](Cc5c[nH]c6c5cc(cc6)F)C(=O)N,42,A,ligand,drug_like
8VJG,X-RAY DIFFRACTION,1.58,P33,"3,6,9,12,15,18-HEXAOXAICOSANE-1,20-DIOL",C14 H30 O8,326.383,non-polymer,C(COCCOCCOCCOCCOCCOCCO)O,22,A,additive_code,
8VJG,X-RAY DIFFRACTION,1.58,DTT,"2,3-DIHYDROXY-1,4-DITHIOBUTANE",C4 H10 O2 S2,154.251,non-polymer,C([C@@H]([C@H](CS)O)O)S,8,A,additive_code,
8VJG,X-RAY DIFFRACTION,1.58,SO4,SULFATE ION,O4 S,96.063,non-polymer,[O-]S(=O)(=O)[O-],5,A,additive_code,
8VZ3,X-RAY DIFFRACTION,1.65,A1AEL,3-(fluorosulfonyl)-5-({[(1S)-2-oxocyclopentyl]methyl}carbamoyl)benzoic acid,C14 H14 F N O6 S,343.327,non-polymer,c1c(cc(cc1C(=O)O)S(=O)(=O)F)C(=O)NC[C@@H]2CCCC2=O,23,A,ligand,drug_like
8VZ3,X-RAY DIFFRACTION,1.65,SO4,SULFATE ION,O4 S,96.063,non-polymer,[O-]S(=O)(=O)[O-],5,A,additive_code,
8VZ5,X-RAY DIFFRACTION,1.95,SO4,SULFATE ION,O4 S,96.063,non-polymer,[O-]S(=O)(=O)[O-],5,A,additive_code,
8VZ5,X-RAY DIFFRACTION,1.95,PE4,2-{2-[2-(2-{2-[2-(2-ETHOXY-ETHOXY)-ETHOXY]-ETHOXY}-ETHOXY)-ETHOXY]-ETHOXY}-ETHANOL,C16 H34 O8,354.436,non-polymer,CCOCCOCCOCCOCCOCCOCCOCCO,24,A,additive_code,
8VZ5,X-RAY DIFFRACTION,1.95,A1AEM,4-[fluoro(dihydroxy)-lambda~4~-sulfanyl]benzoic acid,C7 H5 F O4 S,204.176,non-polymer,c1cc(ccc1C(=O)O)S(=O)(=O)F,13,A,ligand,drug_like
8W11,X-RAY DIFFRACTION,2.2,A1AET,3-(fluorosulfonyl)-5-[(2-oxo-2H-1-benzopyran-3-yl)carbamoyl]benzoic acid,C17 H10 F N O7 S,391.327,non-polymer,c1ccc2c(c1)C=C(C(=O)O2)NC(=O)c3cc(cc(c3)S(=O)(=O)F)C(=O)O,27,"A,B",ligand,drug_like
8W11,X-RAY DIFFRACTION,2.2,PE4,2-{2-[2-(2-{2-[2-(2-ETHOXY-ETHOXY)-ETHOXY]-ETHOXY}-ETHOXY)-ETHOXY]-ETHOXY}-ETHANOL,C16 H34 O8,354.436,non-polymer,CCOCCOCCOCCOCCOCCOCCOCCO,24,"A,B",additive_code,
8W11,X-RAY DIFFRACTION,2.2,SO4,SULFATE ION,O4 S,96.063,non-polymer,[O-]S(=O)(=O)[O-],5,"A,B",additive_code,
9INN,X-RAY DIFFRACTION,2.08,A1D9T,"methyl (~{E})-4-[[(3~{R})-1,1-bis(oxidanylidene)thiolan-3-yl]amino]-4-oxidanylidene-but-2-enoate",C9 H13 N O5 S,247.268,non-polymer,COC(=O)/C=C/C(=O)N[C@@H]1CCS(=O)(=O)C1,16,"A,B",ligand,drug_like
9INO,X-RAY DIFFRACTION,2.13,A1D9U,"2-methylpropyl (~{E})-4-[[(3~{R})-1,1-bis(oxidanylidene)thiolan-3-yl]amino]-4-oxidanylidene-but-2-enoate",C12 H19 N O5 S,289.348,non-polymer,CC(C)COC(=O)/C=C/C(=O)N[C@@H]1CCS(=O)(=O)C1,19,"A,B",ligand,drug_like
9INP,X-RAY DIFFRACTION,2.57,A1D9X,"~{N}-[(3~{R})-1,1-bis(oxidanylidene)thiolan-3-yl]-2-chloranyl-~{N}-(2,2-dimethylpropyl)-5-nitro-pyrimidin-4-amine",C13 H19 Cl N4 O4 S,362.832,non-polymer,CC(C)(C)CN(c1c(cnc(n1)Cl)[N+](=O)[O-])[C@@H]2CCS(=O)(=O)C2,23,"A,B",ligand,drug_like
9INP,X-RAY DIFFRACTION,2.57,CIT,CITRIC ACID,C6 H8 O7,192.124,non-polymer,C(C(=O)O)C(CC(=O)O)(C(=O)O)O,13,A,additive_code,
9INQ,X-RAY DIFFRACTION,2.17,A1D9W,"~{N}-[(3~{R})-1,1-bis(oxidanylidene)thiolan-3-yl]-2-chloranyl-5-nitro-pyrimidin-4-amine",C8 H9 Cl N4 O4 S,292.699,non-polymer,c1c(c(nc(n1)Cl)N[C@@H]2CCS(=O)(=O)C2)[N+](=O)[O-],18,"A,B",ligand,drug_like
9INQ,X-RAY DIFFRACTION,2.17,CIT,CITRIC ACID,C6 H8 O7,192.124,non-polymer,C(C(=O)O)C(CC(=O)O)(C(=O)O)O,13,"A,B",additive_code,
9INR,X-RAY DIFFRACTION,1.93,A1D9K,"~{N}-[(2~{S})-3-[1-[4-(4-cyanophenyl)phenyl]-1,2,3-triazol-4-yl]-1-[(3-oxidanylcyclobutyl)amino]-1-oxidanylidene-propan-2-yl]-1-phenyl-cyclopropane-1-carboxamid",C32 H30 N6 O3,546.619,non-polymer,c1ccc(cc1)C2(CC2)C(=O)N[C@@H](Cc3cn(nn3)c4ccc(cc4)c5ccc(cc5)C#N)C(=O)NC6CC(C6)O,41,"A,B",ligand,drug_like
9INR,X-RAY DIFFRACTION,1.93,PE3,"3,6,9,12,15,18,21,24,27,30,33,36,39-TRIDECAOXAHENTETRACONTANE-1,41-DIOL",C28 H58 O15,634.751,non-polymer,C(COCCOCCOCCOCCOCCOCCOCCOCCOCCOCCOCCOCCOCCO)O,43,B,additive_code,
9INR,X-RAY DIFFRACTION,1.93,SO4,SULFATE ION,O4 S,96.063,non-polymer,[O-]S(=O)(=O)[O-],5,"A,B",additive_code,
9IT1,X-RAY DIFFRACTION,2.0,P3G,"3,6,9,12,15-PENTAOXAHEPTADECANE",C12 H26 O5,250.332,non-polymer,CCOCCOCCOCCOCCOCC,17,A,additive_code,
9JF6,X-RAY DIFFRACTION,2.96,A1EBR,"methyl (~{Z})-4-[1-benzothiophen-2-ylmethyl-[(3~{S})-1,1-bis(oxidanylidene)thiolan-3-yl]amino]-4-oxidanylidene-but-2-enoate",C18 H19 N O5 S2,393.477,non-polymer,COC(=O)/C=C\C(=O)N(Cc1cc2ccccc2s1)[C@H]3CCS(=O)(=O)C3,26,A,ligand,drug_like
9JF6,X-RAY DIFFRACTION,2.96,1PG,2-(2-{2-[2-(2-METHOXY-ETHOXY)-ETHOXY]-ETHOXY}-ETHOXY)-ETHANOL,C11 H24 O6,252.305,non-polymer,COCCOCCOCCOCCOCCO,17,A,additive_polyether_structure,
9JJS,X-RAY DIFFRACTION,1.52,A1D9T,"methyl (~{E})-4-[[(3~{R})-1,1-bis(oxidanylidene)thiolan-3-yl]amino]-4-oxidanylidene-but-2-enoate",C9 H13 N O5 S,247.268,non-polymer,COC(=O)/C=C/C(=O)N[C@@H]1CCS(=O)(=O)C1,16,"A,B",ligand,drug_like
9JJZ,X-RAY DIFFRACTION,1.61,A1ECA,"methyl 4-[[(3~{S})-1,1-bis(oxidanylidene)thiolan-3-yl]-(2,2-dimethylpropyl)amino]-4-oxidanylidene-but-2-enoate",C14 H23 N O5 S,317.401,non-polymer,CC(C)(C)CN([C@H]1CCS(=O)(=O)C1)C(=O)C=CC(=O)OC,21,"A,B",ligand,drug_like
9JYO,X-RAY DIFFRACTION,1.6,A1EDY,2-(4-aminophenyl)ethanoic acid,C8 H9 N O2,151.163,non-polymer,c1cc(ccc1CC(=O)O)N,11,A,ligand,drug_like
9JYO,X-RAY DIFFRACTION,1.6,PE8,"3,6,9,12,15,18,21-HEPTAOXATRICOSANE-1,23-DIOL",C16 H34 O9,370.436,non-polymer,C(COCCOCCOCCOCCOCCOCCOCCO)O,25,A,additive_code,
9JYO,X-RAY DIFFRACTION,1.6,SO4,SULFATE ION,O4 S,96.063,non-polymer,[O-]S(=O)(=O)[O-],5,A,additive_code,
9JYO,X-RAY DIFFRACTION,1.6,CL,CHLORIDE ION,Cl,35.453,non-polymer,[Cl-],1,A,additive_code,
9JYP,X-RAY DIFFRACTION,1.6,A1EDZ,4-oxidanylidene-4-thiophen-2-yl-butanoic acid,C8 H8 O3 S,184.212,non-polymer,c1cc(sc1)C(=O)CCC(=O)O,12,A,ligand,drug_like
9JYP,X-RAY DIFFRACTION,1.6,SO4,SULFATE ION,O4 S,96.063,non-polymer,[O-]S(=O)(=O)[O-],5,A,additive_code,
9JYP,X-RAY DIFFRACTION,1.6,CL,CHLORIDE ION,Cl,35.453,non-polymer,[Cl-],1,A,additive_code,
9JYP,X-RAY DIFFRACTION,1.6,P33,"3,6,9,12,15,18-HEXAOXAICOSANE-1,20-DIOL",C14 H30 O8,326.383,non-polymer,C(COCCOCCOCCOCCOCCOCCO)O,22,A,additive_code,
9JYR,X-RAY DIFFRACTION,1.65,PE8,"3,6,9,12,15,18,21-HEPTAOXATRICOSANE-1,23-DIOL",C16 H34 O9,370.436,non-polymer,C(COCCOCCOCCOCCOCCOCCOCCO)O,25,A,additive_code,
9JYR,X-RAY DIFFRACTION,1.65,SO4,SULFATE ION,O4 S,96.063,non-polymer,[O-]S(=O)(=O)[O-],5,A,additive_code,
9JYR,X-RAY DIFFRACTION,1.65,A1ED0,1H-indol-4-ylmethanol,C9 H9 N O,147.174,non-polymer,c1cc(c2cc[nH]c2c1)CO,11,A,ligand,fragment
9JYS,X-RAY DIFFRACTION,1.75,A1ED1,"4-(aminomethyl)-N,N-dimethyl-aniline",C9 H14 N2,150.221,non-polymer,CN(C)c1ccc(cc1)CN,11,A,ligand,drug_like
9JYS,X-RAY DIFFRACTION,1.75,SO4,SULFATE ION,O4 S,96.063,non-polymer,[O-]S(=O)(=O)[O-],5,A,additive_code,
9JYS,X-RAY DIFFRACTION,1.75,PE8,"3,6,9,12,15,18,21-HEPTAOXATRICOSANE-1,23-DIOL",C16 H34 O9,370.436,non-polymer,C(COCCOCCOCCOCCOCCOCCOCCO)O,25,A,additive_code,
9JYT,X-RAY DIFFRACTION,1.85,PE8,"3,6,9,12,15,18,21-HEPTAOXATRICOSANE-1,23-DIOL",C16 H34 O9,370.436,non-polymer,C(COCCOCCOCCOCCOCCOCCOCCO)O,25,A,additive_code,
9JYT,X-RAY DIFFRACTION,1.85,A1EDX,Idramantone,C10 H14 O2,166.217,non-polymer,C1[C@@H]2CC3(C[C@@H](C2=O)CC1C3)O,12,A,ligand,drug_like
9JYT,X-RAY DIFFRACTION,1.85,SO4,SULFATE ION,O4 S,96.063,non-polymer,[O-]S(=O)(=O)[O-],5,A,additive_code,
9JYT,X-RAY DIFFRACTION,1.85,CL,CHLORIDE ION,Cl,35.453,non-polymer,[Cl-],1,A,additive_code,
9JYV,X-RAY DIFFRACTION,1.8,A1ED2,1-methylpyridin-2-one,C6 H7 N O,109.126,non-polymer,CN1C=CC=CC1=O,8,A,ligand,fragment
9JYV,X-RAY DIFFRACTION,1.8,SO4,SULFATE ION,O4 S,96.063,non-polymer,[O-]S(=O)(=O)[O-],5,A,additive_code,
9JYV,X-RAY DIFFRACTION,1.8,PE8,"3,6,9,12,15,18,21-HEPTAOXATRICOSANE-1,23-DIOL",C16 H34 O9,370.436,non-polymer,C(COCCOCCOCCOCCOCCOCCOCCO)O,25,A,additive_code,
9JZ2,X-RAY DIFFRACTION,1.55,A1ED3,N-(5-azanyl-2-methyl-phenyl)ethanamide,C9 H12 N2 O,164.204,non-polymer,Cc1ccc(cc1NC(=O)C)N,12,A,ligand,drug_like
9JZ2,X-RAY DIFFRACTION,1.55,PE8,"3,6,9,12,15,18,21-HEPTAOXATRICOSANE-1,23-DIOL",C16 H34 O9,370.436,non-polymer,C(COCCOCCOCCOCCOCCOCCOCCO)O,25,A,additive_code,
9JZ2,X-RAY DIFFRACTION,1.55,SO4,SULFATE ION,O4 S,96.063,non-polymer,[O-]S(=O)(=O)[O-],5,A,additive_code,
9JZ2,X-RAY DIFFRACTION,1.55,CL,CHLORIDE ION,Cl,35.453,non-polymer,[Cl-],1,A,additive_code,
9JZ3,X-RAY DIFFRACTION,1.98,PE8,"3,6,9,12,15,18,21-HEPTAOXATRICOSANE-1,23-DIOL",C16 H34 O9,370.436,non-polymer,C(COCCOCCOCCOCCOCCOCCOCCO)O,25,A,additive_code,
9JZ3,X-RAY DIFFRACTION,1.98,CL,CHLORIDE ION,Cl,35.453,non-polymer,[Cl-],1,A,additive_code,
9JZ3,X-RAY DIFFRACTION,1.98,SO4,SULFATE ION,O4 S,96.063,non-polymer,[O-]S(=O)(=O)[O-],5,A,additive_code,
9JZ3,X-RAY DIFFRACTION,1.98,A1ED4,3H-benzimidazol-5-ylmethanol,C8 H8 N2 O,148.162,non-polymer,c1cc2c(cc1CO)[nH]cn2,11,A,ligand,fragment
9JZ4,X-RAY DIFFRACTION,1.82,A1ED5,"1,3-dihydro-2-benzofuran-5-amine",C8 H9 N O,135.163,non-polymer,c1cc2c(cc1N)COC2,10,A,ligand,fragment
9JZ4,X-RAY DIFFRACTION,1.82,SO4,SULFATE ION,O4 S,96.063,non-polymer,[O-]S(=O)(=O)[O-],5,A,additive_code,
9JZ4,X-RAY DIFFRACTION,1.82,PE4,2-{2-[2-(2-{2-[2-(2-ETHOXY-ETHOXY)-ETHOXY]-ETHOXY}-ETHOXY)-ETHOXY]-ETHOXY}-ETHANOL,C16 H34 O8,354.436,non-polymer,CCOCCOCCOCCOCCOCCOCCOCCO,24,A,additive_code,
9JZ6,X-RAY DIFFRACTION,1.65,PE8,"3,6,9,12,15,18,21-HEPTAOXATRICOSANE-1,23-DIOL",C16 H34 O9,370.436,non-polymer,C(COCCOCCOCCOCCOCCOCCOCCO)O,25,A,additive_code,
9JZ6,X-RAY DIFFRACTION,1.65,SO4,SULFATE ION,O4 S,96.063,non-polymer,[O-]S(=O)(=O)[O-],5,A,additive_code,
9JZ6,X-RAY DIFFRACTION,1.65,A1ED7,"1,3,4-thiadiazol-2-amine",C2 H3 N3 S,101.13,non-polymer,c1nnc(s1)N,6,A,ligand,fragment
9JZG,X-RAY DIFFRACTION,1.76,PE8,"3,6,9,12,15,18,21-HEPTAOXATRICOSANE-1,23-DIOL",C16 H34 O9,370.436,non-polymer,C(COCCOCCOCCOCCOCCOCCOCCO)O,25,A,additive_code,
9JZG,X-RAY DIFFRACTION,1.76,SO4,SULFATE ION,O4 S,96.063,non-polymer,[O-]S(=O)(=O)[O-],5,A,additive_code,
9JZG,X-RAY DIFFRACTION,1.76,A1ED8,2-(4-hydroxyphenyl)ethanamide,C8 H9 N O2,151.163,non-polymer,c1cc(ccc1CC(=O)N)O,11,A,ligand,drug_like
9JZS,X-RAY DIFFRACTION,1.91,A1AT6,"(2S)-2,3-dihydro-1H-indole-2-carboxylic acid",C9 H9 N O2,163.173,L-peptide linking,c1ccc2c(c1)C[C@H](N2)C(=O)O,12,A,ligand,drug_like
9JZS,X-RAY DIFFRACTION,1.91,PE8,"3,6,9,12,15,18,21-HEPTAOXATRICOSANE-1,23-DIOL",C16 H34 O9,370.436,non-polymer,C(COCCOCCOCCOCCOCCOCCOCCO)O,25,A,additive_code,
9JZS,X-RAY DIFFRACTION,1.91,SO4,SULFATE ION,O4 S,96.063,non-polymer,[O-]S(=O)(=O)[O-],5,A,additive_code,
9JZU,X-RAY DIFFRACTION,1.68,A1ED9,1-(1H-pyrrol-3-yl)ethanone,C6 H7 N O,109.126,non-polymer,CC(=O)c1cc[nH]c1,8,A,ligand,fragment
9JZU,X-RAY DIFFRACTION,1.68,PE8,"3,6,9,12,15,18,21-HEPTAOXATRICOSANE-1,23-DIOL",C16 H34 O9,370.436,non-polymer,C(COCCOCCOCCOCCOCCOCCOCCO)O,25,A,additive_code,
9JZU,X-RAY DIFFRACTION,1.68,SO4,SULFATE ION,O4 S,96.063,non-polymer,[O-]S(=O)(=O)[O-],5,A,additive_code,
9JZV,X-RAY DIFFRACTION,1.9,CL,CHLORIDE ION,Cl,35.453,non-polymer,[Cl-],1,A,additive_code,
9JZV,X-RAY DIFFRACTION,1.9,SO4,SULFATE ION,O4 S,96.063,non-polymer,[O-]S(=O)(=O)[O-],5,A,additive_code,
9JZV,X-RAY DIFFRACTION,1.9,A1EEA,"1,3-dimethylimidazolidin-2-one",C5 H10 N2 O,114.146,non-polymer,CN1CCN(C1=O)C,8,A,ligand,fragment
9JZV,X-RAY DIFFRACTION,1.9,PE8,"3,6,9,12,15,18,21-HEPTAOXATRICOSANE-1,23-DIOL",C16 H34 O9,370.436,non-polymer,C(COCCOCCOCCOCCOCCOCCOCCO)O,25,A,additive_code,
9KE5,X-RAY DIFFRACTION,2.05,SO4,SULFATE ION,O4 S,96.063,non-polymer,[O-]S(=O)(=O)[O-],5,A,additive_code,
9KE5,X-RAY DIFFRACTION,2.05,A1EE3,"4-prop-2-ynyl-1,4-thiazinane 1,1-dioxide",C7 H11 N O2 S,173.233,non-polymer,C#CCN1CCS(=O)(=O)CC1,11,A,ligand,drug_like
9KE5,X-RAY DIFFRACTION,2.05,PE8,"3,6,9,12,15,18,21-HEPTAOXATRICOSANE-1,23-DIOL",C16 H34 O9,370.436,non-polymer,C(COCCOCCOCCOCCOCCOCCOCCO)O,25,A,additive_code,
9KE7,X-RAY DIFFRACTION,1.68,SO4,SULFATE ION,O4 S,96.063,non-polymer,[O-]S(=O)(=O)[O-],5,A,additive_code,
9KE7,X-RAY DIFFRACTION,1.68,PE8,"3,6,9,12,15,18,21-HEPTAOXATRICOSANE-1,23-DIOL",C16 H34 O9,370.436,non-polymer,C(COCCOCCOCCOCCOCCOCCOCCO)O,25,A,additive_code,
9KE7,X-RAY DIFFRACTION,1.68,A1EE7,N-ethyl-4-fluoranyl-benzenesulfonamide,C8 H10 F N O2 S,203.234,non-polymer,CCNS(=O)(=O)c1ccc(cc1)F,13,A,ligand,drug_like
9KE9,X-RAY DIFFRACTION,2.25,A1BDV,"(2H-1,3-benzodioxol-5-yl)methanol",C8 H8 O3,152.147,non-polymer,c1cc2c(cc1CO)OCO2,11,A,ligand,drug_like
9KE9,X-RAY DIFFRACTION,2.25,PE8,"3,6,9,12,15,18,21-HEPTAOXATRICOSANE-1,23-DIOL",C16 H34 O9,370.436,non-polymer,C(COCCOCCOCCOCCOCCOCCOCCO)O,25,A,additive_code,
9KE9,X-RAY DIFFRACTION,2.25,SO4,SULFATE ION,O4 S,96.063,non-polymer,[O-]S(=O)(=O)[O-],5,A,additive_code,
9KEB,X-RAY DIFFRACTION,1.65,A1EE8,"[2-(4-methyl-1,4-diazepan-1-yl)phenyl]methanol",C13 H20 N2 O,220.311,non-polymer,CN1CCCN(CC1)c2ccccc2CO,16,A,ligand,drug_like
9KEB,X-RAY DIFFRACTION,1.65,PE8,"3,6,9,12,15,18,21-HEPTAOXATRICOSANE-1,23-DIOL",C16 H34 O9,370.436,non-polymer,C(COCCOCCOCCOCCOCCOCCOCCO)O,25,A,additive_code,
9KEB,X-RAY DIFFRACTION,1.65,SO4,SULFATE ION,O4 S,96.063,non-polymer,[O-]S(=O)(=O)[O-],5,A,additive_code,
9KEC,X-RAY DIFFRACTION,1.68,SO4,SULFATE ION,O4 S,96.063,non-polymer,[O-]S(=O)(=O)[O-],5,A,additive_code,
9KEC,X-RAY DIFFRACTION,1.68,A1EE6,N-[(4-fluorophenyl)methyl]-4-oxidanyl-butanamide,C11 H14 F N O2,211.233,non-polymer,c1cc(ccc1CNC(=O)CCCO)F,15,A,ligand,drug_like
9KEC,X-RAY DIFFRACTION,1.68,PE8,"3,6,9,12,15,18,21-HEPTAOXATRICOSANE-1,23-DIOL",C16 H34 O9,370.436,non-polymer,C(COCCOCCOCCOCCOCCOCCOCCO)O,25,A,additive_code,
9KEL,X-RAY DIFFRACTION,1.96,PE8,"3,6,9,12,15,18,21-HEPTAOXATRICOSANE-1,23-DIOL",C16 H34 O9,370.436,non-polymer,C(COCCOCCOCCOCCOCCOCCOCCO)O,25,A,additive_code,
9KEL,X-RAY DIFFRACTION,1.96,A1EFA,6-Quinolinylmethanol,C10 H9 N O,159.185,non-polymer,c1cc2cc(ccc2nc1)CO,12,A,ligand,drug_like
9KEL,X-RAY DIFFRACTION,1.96,SO4,SULFATE ION,O4 S,96.063,non-polymer,[O-]S(=O)(=O)[O-],5,A,additive_code,
9KEQ,X-RAY DIFFRACTION,1.53,A1EFB,3-(4-methylpiperazin-1-yl)aniline,C11 H17 N3,191.273,non-polymer,CN1CCN(CC1)c2cccc(c2)N,14,A,ligand,drug_like
9KEQ,X-RAY DIFFRACTION,1.53,SO4,SULFATE ION,O4 S,96.063,non-polymer,[O-]S(=O)(=O)[O-],5,A,additive_code,
9KEQ,X-RAY DIFFRACTION,1.53,PE8,"3,6,9,12,15,18,21-HEPTAOXATRICOSANE-1,23-DIOL",C16 H34 O9,370.436,non-polymer,C(COCCOCCOCCOCCOCCOCCOCCO)O,25,A,additive_code,
9KES,X-RAY DIFFRACTION,1.62,SO4,SULFATE ION,O4 S,96.063,non-polymer,[O-]S(=O)(=O)[O-],5,A,additive_code,
9KES,X-RAY DIFFRACTION,1.62,PE8,"3,6,9,12,15,18,21-HEPTAOXATRICOSANE-1,23-DIOL",C16 H34 O9,370.436,non-polymer,C(COCCOCCOCCOCCOCCOCCOCCO)O,25,A,additive_code,
9KES,X-RAY DIFFRACTION,1.62,A1EFC,(3-pyrimidin-5-ylphenyl)methanol,C11 H10 N2 O,186.21,non-polymer,c1cc(cc(c1)c2cncnc2)CO,14,A,ligand,drug_like
9KEW,X-RAY DIFFRACTION,1.6,A1EFD,"2,3-dihydro-1-benzofuran-7-ylmethanol",C9 H10 O2,150.174,non-polymer,c1cc2c(c(c1)CO)OCC2,11,A,ligand,drug_like
9KEW,X-RAY DIFFRACTION,1.6,SO4,SULFATE ION,O4 S,96.063,non-polymer,[O-]S(=O)(=O)[O-],5,A,additive_code,
9KEW,X-RAY DIFFRACTION,1.6,PE8,"3,6,9,12,15,18,21-HEPTAOXATRICOSANE-1,23-DIOL",C16 H34 O9,370.436,non-polymer,C(COCCOCCOCCOCCOCCOCCOCCO)O,25,A,additive_code,
9KEY,X-RAY DIFFRACTION,2.49,SO4,SULFATE ION,O4 S,96.063,non-polymer,[O-]S(=O)(=O)[O-],5,A,additive_code,
9KEY,X-RAY DIFFRACTION,2.49,PE8,"3,6,9,12,15,18,21-HEPTAOXATRICOSANE-1,23-DIOL",C16 H34 O9,370.436,non-polymer,C(COCCOCCOCCOCCOCCOCCOCCO)O,25,A,additive_code,
9KEY,X-RAY DIFFRACTION,2.49,A1EFE,"2,1,3-benzothiadiazol-5-ylmethanol",C7 H6 N2 O S,166.2,non-polymer,c1cc2c(cc1CO)nsn2,11,A,ligand,drug_like
9JFH,X-RAY DIFFRACTION,2.56,A1EBS,"methyl (~{Z})-4-[[4,4-bis(fluoranyl)cyclohexyl]amino]-4-oxidanylidene-but-2-enoate",C11 H15 F2 N O3,247.239,non-polymer,COC(=O)/C=C\C(=O)NC1CCC(CC1)(F)F,17,"A,B",ligand,drug_like
9JFH,X-RAY DIFFRACTION,2.56,CIT,CITRIC ACID,C6 H8 O7,192.124,non-polymer,C(C(=O)O)C(CC(=O)O)(C(=O)O)O,13,A,additive_code,
9KEZ,X-RAY DIFFRACTION,1.95,DBJ,"2,3-dihydro-1,4-benzodioxin-5-ylmethanol",C9 H10 O3,166.174,non-polymer,c1cc(c2c(c1)OCCO2)CO,12,A,ligand,drug_like
9KEZ,X-RAY DIFFRACTION,1.95,PE8,"3,6,9,12,15,18,21-HEPTAOXATRICOSANE-1,23-DIOL",C16 H34 O9,370.436,non-polymer,C(COCCOCCOCCOCCOCCOCCOCCO)O,25,A,additive_code,
9KEZ,X-RAY DIFFRACTION,1.95,SO4,SULFATE ION,O4 S,96.063,non-polymer,[O-]S(=O)(=O)[O-],5,A,additive_code,
9KF0,X-RAY DIFFRACTION,1.82,A1EFF,"(2,5-dimethylpyrazol-3-yl)methanol",C6 H10 N2 O,126.156,non-polymer,Cc1cc(n(n1)C)CO,9,A,ligand,fragment
9KF0,X-RAY DIFFRACTION,1.82,PE8,"3,6,9,12,15,18,21-HEPTAOXATRICOSANE-1,23-DIOL",C16 H34 O9,370.436,non-polymer,C(COCCOCCOCCOCCOCCOCCOCCO)O,25,A,additive_code,
9KF0,X-RAY DIFFRACTION,1.82,SO4,SULFATE ION,O4 S,96.063,non-polymer,[O-]S(=O)(=O)[O-],5,A,additive_code,
9KFC,X-RAY DIFFRACTION,1.56,A1AYA,[2-(4-methylpiperazin-1-yl)phenyl]methanol,C12 H18 N2 O,206.284,non-polymer,CN1CCN(CC1)c2ccccc2CO,15,A,ligand,drug_like
9KFC,X-RAY DIFFRACTION,1.56,PE8,"3,6,9,12,15,18,21-HEPTAOXATRICOSANE-1,23-DIOL",C16 H34 O9,370.436,non-polymer,C(COCCOCCOCCOCCOCCOCCOCCO)O,25,A,additive_code,
9KFC,X-RAY DIFFRACTION,1.56,SO4,SULFATE ION,O4 S,96.063,non-polymer,[O-]S(=O)(=O)[O-],5,A,additive_code,
9KFH,X-RAY DIFFRACTION,1.59,A1EFG,2-methylfuran-3-carboxylic acid,C6 H6 O3,126.11,non-polymer,Cc1c(cco1)C(=O)O,9,A,ligand,fragment
9KFH,X-RAY DIFFRACTION,1.59,PE8,"3,6,9,12,15,18,21-HEPTAOXATRICOSANE-1,23-DIOL",C16 H34 O9,370.436,non-polymer,C(COCCOCCOCCOCCOCCOCCOCCO)O,25,A,additive_code,
9KFH,X-RAY DIFFRACTION,1.59,SO4,SULFATE ION,O4 S,96.063,non-polymer,[O-]S(=O)(=O)[O-],5,A,additive_code,
9KFZ,X-RAY DIFFRACTION,1.43,A1EFO,6-methylpyridine-2-carboxylic acid,C7 H7 N O2,137.136,non-polymer,Cc1cccc(n1)C(=O)O,10,A,ligand,fragment
9KFZ,X-RAY DIFFRACTION,1.43,PE8,"3,6,9,12,15,18,21-HEPTAOXATRICOSANE-1,23-DIOL",C16 H34 O9,370.436,non-polymer,C(COCCOCCOCCOCCOCCOCCOCCO)O,25,A,additive_code,
9KFZ,X-RAY DIFFRACTION,1.43,SO4,SULFATE ION,O4 S,96.063,non-polymer,[O-]S(=O)(=O)[O-],5,A,additive_code,
9KG9,X-RAY DIFFRACTION,1.55,A1EFP,3-methoxythiophene-2-carboxylic acid,C6 H6 O3 S,158.175,non-polymer,COc1ccsc1C(=O)O,10,A,ligand,drug_like
9KG9,X-RAY DIFFRACTION,1.55,PE8,"3,6,9,12,15,18,21-HEPTAOXATRICOSANE-1,23-DIOL",C16 H34 O9,370.436,non-polymer,C(COCCOCCOCCOCCOCCOCCOCCO)O,25,A,additive_code,
9KG9,X-RAY DIFFRACTION,1.55,SO4,SULFATE ION,O4 S,96.063,non-polymer,[O-]S(=O)(=O)[O-],5,A,additive_code,
9KGO,X-RAY DIFFRACTION,1.62,A1EFQ,1-(1H-pyrazol-3-yl)ethanone,C5 H6 N2 O,110.114,non-polymer,CC(=O)c1cc[nH]n1,8,A,ligand,fragment
9KGO,X-RAY DIFFRACTION,1.62,PE8,"3,6,9,12,15,18,21-HEPTAOXATRICOSANE-1,23-DIOL",C16 H34 O9,370.436,non-polymer,C(COCCOCCOCCOCCOCCOCCOCCO)O,25,A,additive_code,
9KGO,X-RAY DIFFRACTION,1.62,SO4,SULFATE ION,O4 S,96.063,non-polymer,[O-]S(=O)(=O)[O-],5,A,additive_code,
9KX1,X-RAY DIFFRACTION,1.7,A1EHL,2-(trifluoromethyl)pyrimidin-4-ol,C5 H3 F3 N2 O,164.085,non-polymer,c1cnc(nc1O)C(F)(F)F,11,A,ligand,drug_like
9KX1,X-RAY DIFFRACTION,1.7,PE8,"3,6,9,12,15,18,21-HEPTAOXATRICOSANE-1,23-DIOL",C16 H34 O9,370.436,non-polymer,C(COCCOCCOCCOCCOCCOCCOCCO)O,25,A,additive_code,
9KX1,X-RAY DIFFRACTION,1.7,SO4,SULFATE ION,O4 S,96.063,non-polymer,[O-]S(=O)(=O)[O-],5,A,additive_code,
9KX7,X-RAY DIFFRACTION,1.53,A1EHC,"imidazo[1,2-a]pyridin-6-ylmethanol",C8 H8 N2 O,148.162,non-polymer,c1cc2nccn2cc1CO,11,A,ligand,fragment
9KX7,X-RAY DIFFRACTION,1.53,PE8,"3,6,9,12,15,18,21-HEPTAOXATRICOSANE-1,23-DIOL",C16 H34 O9,370.436,non-polymer,C(COCCOCCOCCOCCOCCOCCOCCO)O,25,A,additive_code,
9KX7,X-RAY DIFFRACTION,1.53,SO4,SULFATE ION,O4 S,96.063,non-polymer,[O-]S(=O)(=O)[O-],5,A,additive_code,
9KX9,X-RAY DIFFRACTION,1.62,A1EHD,(1-methylindazol-3-yl)methanol,C9 H10 N2 O,162.188,non-polymer,Cn1c2ccccc2c(n1)CO,12,A,ligand,drug_like
9KX9,X-RAY DIFFRACTION,1.62,PE8,"3,6,9,12,15,18,21-HEPTAOXATRICOSANE-1,23-DIOL",C16 H34 O9,370.436,non-polymer,C(COCCOCCOCCOCCOCCOCCOCCO)O,25,A,additive_code,
9KX9,X-RAY DIFFRACTION,1.62,SO4,SULFATE ION,O4 S,96.063,non-polymer,[O-]S(=O)(=O)[O-],5,A,additive_code,
9KXC,X-RAY DIFFRACTION,1.53,A1EHE,quinolin-5-amine,C9 H8 N2,144.173,non-polymer,c1cc(c2cccnc2c1)N,11,A,ligand,fragment
9KXC,X-RAY DIFFRACTION,1.53,PE8,"3,6,9,12,15,18,21-HEPTAOXATRICOSANE-1,23-DIOL",C16 H34 O9,370.436,non-polymer,C(COCCOCCOCCOCCOCCOCCOCCO)O,25,A,additive_code,
9KXC,X-RAY DIFFRACTION,1.53,SO4,SULFATE ION,O4 S,96.063,non-polymer,[O-]S(=O)(=O)[O-],5,A,additive_code,
9KXD,X-RAY DIFFRACTION,1.6,53E,"2,3-dihydro-1,4-benzodioxine-5-carboxylic acid",C9 H8 O4,180.157,non-polymer,c1cc(c2c(c1)OCCO2)C(=O)O,13,A,ligand,drug_like
9KXD,X-RAY DIFFRACTION,1.6,PE8,"3,6,9,12,15,18,21-HEPTAOXATRICOSANE-1,23-DIOL",C16 H34 O9,370.436,non-polymer,C(COCCOCCOCCOCCOCCOCCOCCO)O,25,A,additive_code,
9KXD,X-RAY DIFFRACTION,1.6,SO4,SULFATE ION,O4 S,96.063,non-polymer,[O-]S(=O)(=O)[O-],5,A,additive_code,
9KXD,X-RAY DIFFRACTION,1.6,CL,CHLORIDE ION,Cl,35.453,non-polymer,[Cl-],1,A,additive_code,
9KXF,X-RAY DIFFRACTION,1.71,A1EHG,~{N}-(2-fluorophenyl)ethanamide,C8 H8 F N O,153.154,non-polymer,CC(=O)Nc1ccccc1F,11,A,ligand,drug_like
9KXF,X-RAY DIFFRACTION,1.71,PE8,"3,6,9,12,15,18,21-HEPTAOXATRICOSANE-1,23-DIOL",C16 H34 O9,370.436,non-polymer,C(COCCOCCOCCOCCOCCOCCOCCO)O,25,A,additive_code,
9KXF,X-RAY DIFFRACTION,1.71,SO4,SULFATE ION,O4 S,96.063,non-polymer,[O-]S(=O)(=O)[O-],5,A,additive_code,
9KXG,X-RAY DIFFRACTION,1.58,M4T,~{N}-pyridin-3-ylethanamide,C7 H8 N2 O,136.151,non-polymer,CC(=O)Nc1cccnc1,10,A,ligand,fragment
9KXG,X-RAY DIFFRACTION,1.58,PE8,"3,6,9,12,15,18,21-HEPTAOXATRICOSANE-1,23-DIOL",C16 H34 O9,370.436,non-polymer,C(COCCOCCOCCOCCOCCOCCOCCO)O,25,A,additive_code,
9KXG,X-RAY DIFFRACTION,1.58,SO4,SULFATE ION,O4 S,96.063,non-polymer,[O-]S(=O)(=O)[O-],5,A,additive_code,
9KXG,X-RAY DIFFRACTION,1.58,CL,CHLORIDE ION,Cl,35.453,non-polymer,[Cl-],1,A,additive_code,
9KXH,X-RAY DIFFRACTION,1.68,A1EHO,"2,6-bis(fluoranyl)benzamide",C7 H5 F2 N O,157.118,non-polymer,c1cc(c(c(c1)F)C(=O)N)F,11,A,ligand,drug_like
9KXH,X-RAY DIFFRACTION,1.68,PE8,"3,6,9,12,15,18,21-HEPTAOXATRICOSANE-1,23-DIOL",C16 H34 O9,370.436,non-polymer,C(COCCOCCOCCOCCOCCOCCOCCO)O,25,A,additive_code,
9KXH,X-RAY DIFFRACTION,1.68,SO4,SULFATE ION,O4 S,96.063,non-polymer,[O-]S(=O)(=O)[O-],5,A,additive_code,
9KXI,X-RAY DIFFRACTION,1.77,A1EHY,2-(2-methylimidazol-1-yl)aniline,C10 H11 N3,173.214,non-polymer,Cc1nccn1c2ccccc2N,13,A,ligand,drug_like
9KXI,X-RAY DIFFRACTION,1.77,PE8,"3,6,9,12,15,18,21-HEPTAOXATRICOSANE-1,23-DIOL",C16 H34 O9,370.436,non-polymer,C(COCCOCCOCCOCCOCCOCCOCCO)O,25,A,additive_code,
9KXI,X-RAY DIFFRACTION,1.77,SO4,SULFATE ION,O4 S,96.063,non-polymer,[O-]S(=O)(=O)[O-],5,A,additive_code,
9KXJ,X-RAY DIFFRACTION,1.57,A1EVL,"(3S,11R)-tetracyclo[6.3.0.02,6.05,9]undecane-3,11-diol",C11 H16 O2,180.244,non-polymer,C1[C@@H]2[C@H]3C[C@@H]([C@@H]2[C@H]4[C@@H]1[C@@H]3C[C@H]4O)O,13,A,ligand,drug_like
9KXJ,X-RAY DIFFRACTION,1.57,PE4,2-{2-[2-(2-{2-[2-(2-ETHOXY-ETHOXY)-ETHOXY]-ETHOXY}-ETHOXY)-ETHOXY]-ETHOXY}-ETHANOL,C16 H34 O8,354.436,non-polymer,CCOCCOCCOCCOCCOCCOCCOCCO,24,A,additive_code,
9KXJ,X-RAY DIFFRACTION,1.57,SO4,SULFATE ION,O4 S,96.063,non-polymer,[O-]S(=O)(=O)[O-],5,A,additive_code,
9KXK,X-RAY DIFFRACTION,1.96,A1EFQ,1-(1H-pyrazol-3-yl)ethanone,C5 H6 N2 O,110.114,non-polymer,CC(=O)c1cc[nH]n1,8,A,ligand,fragment
9KXK,X-RAY DIFFRACTION,1.96,PE8,"3,6,9,12,15,18,21-HEPTAOXATRICOSANE-1,23-DIOL",C16 H34 O9,370.436,non-polymer,C(COCCOCCOCCOCCOCCOCCOCCO)O,25,A,additive_code,
9KXK,X-RAY DIFFRACTION,1.96,SO4,SULFATE ION,O4 S,96.063,non-polymer,[O-]S(=O)(=O)[O-],5,A,additive_code,
9KXL,X-RAY DIFFRACTION,1.7,A1EHQ,2-phenoxyethanamine,C8 H11 N O,137.179,non-polymer,c1ccc(cc1)OCCN,10,A,ligand,fragment
9KXL,X-RAY DIFFRACTION,1.7,PE8,"3,6,9,12,15,18,21-HEPTAOXATRICOSANE-1,23-DIOL",C16 H34 O9,370.436,non-polymer,C(COCCOCCOCCOCCOCCOCCOCCO)O,25,A,additive_code,
9KXL,X-RAY DIFFRACTION,1.7,SO4,SULFATE ION,O4 S,96.063,non-polymer,[O-]S(=O)(=O)[O-],5,A,additive_code,
9KXM,X-RAY DIFFRACTION,1.64,A1ERZ,(1~{S})-1-(1~{H}-benzimidazol-2-yl)ethanol,C9 H10 N2 O,162.188,non-polymer,C[C@@H](c1[nH]c2ccccc2n1)O,12,A,ligand,drug_like
9KXM,X-RAY DIFFRACTION,1.64,PE8,"3,6,9,12,15,18,21-HEPTAOXATRICOSANE-1,23-DIOL",C16 H34 O9,370.436,non-polymer,C(COCCOCCOCCOCCOCCOCCOCCO)O,25,A,additive_code,
9KXM,X-RAY DIFFRACTION,1.64,SO4,SULFATE ION,O4 S,96.063,non-polymer,[O-]S(=O)(=O)[O-],5,A,additive_code,
9KXN,X-RAY DIFFRACTION,1.67,A1EHR,"5-methyl-1,2-oxazole-3-carbohydrazide",C5 H7 N3 O2,141.128,non-polymer,Cc1cc(no1)C(=O)NN,10,A,ligand,fragment
9KXN,X-RAY DIFFRACTION,1.67,PE8,"3,6,9,12,15,18,21-HEPTAOXATRICOSANE-1,23-DIOL",C16 H34 O9,370.436,non-polymer,C(COCCOCCOCCOCCOCCOCCOCCO)O,25,A,additive_code,
9KXN,X-RAY DIFFRACTION,1.67,SO4,SULFATE ION,O4 S,96.063,non-polymer,[O-]S(=O)(=O)[O-],5,A,additive_code,
9KXN,X-RAY DIFFRACTION,1.67,CL,CHLORIDE ION,Cl,35.453,non-polymer,[Cl-],1,A,additive_code,
9KXO,X-RAY DIFFRACTION,1.75,UUY,2-[methyl(pyridin-2-yl)amino]ethan-1-ol,C8 H12 N2 O,152.194,non-polymer,CN(CCO)c1ccccn1,11,A,ligand,drug_like
9KXO,X-RAY DIFFRACTION,1.75,PE8,"3,6,9,12,15,18,21-HEPTAOXATRICOSANE-1,23-DIOL",C16 H34 O9,370.436,non-polymer,C(COCCOCCOCCOCCOCCOCCOCCO)O,25,A,additive_code,
9KXO,X-RAY DIFFRACTION,1.75,SO4,SULFATE ION,O4 S,96.063,non-polymer,[O-]S(=O)(=O)[O-],5,A,additive_code,
9KXP,X-RAY DIFFRACTION,1.81,A1EHB,"(2,4-dimethyl-1,3-thiazol-5-yl)methanol",C6 H9 N O S,143.207,non-polymer,Cc1c(sc(n1)C)CO,9,A,ligand,fragment
9KXP,X-RAY DIFFRACTION,1.81,PE8,"3,6,9,12,15,18,21-HEPTAOXATRICOSANE-1,23-DIOL",C16 H34 O9,370.436,non-polymer,C(COCCOCCOCCOCCOCCOCCOCCO)O,25,A,additive_code,
9KXP,X-RAY DIFFRACTION,1.81,SO4,SULFATE ION,O4 S,96.063,non-polymer,[O-]S(=O)(=O)[O-],5,A,additive_code,
9KXQ,X-RAY DIFFRACTION,1.69,A1EHP,"(3,5-dimethyl-1,2-oxazol-4-yl)methanol",C6 H9 N O2,127.141,non-polymer,Cc1c(c(on1)C)CO,9,A,ligand,fragment
9KXQ,X-RAY DIFFRACTION,1.69,PE8,"3,6,9,12,15,18,21-HEPTAOXATRICOSANE-1,23-DIOL",C16 H34 O9,370.436,non-polymer,C(COCCOCCOCCOCCOCCOCCOCCO)O,25,A,additive_code,
9KXQ,X-RAY DIFFRACTION,1.69,SO4,SULFATE ION,O4 S,96.063,non-polymer,[O-]S(=O)(=O)[O-],5,A,additive_code,
9V6G,X-RAY DIFFRACTION,2.0,A1ERC,"~{N}-(1-benzothiophen-2-ylmethyl)-~{N}-[(3~{R})-1,1-bis(oxidanylidene)thiolan-3-yl]-2-chloranyl-ethanamide",C15 H16 Cl N O3 S2,357.875,non-polymer,c1ccc2c(c1)cc(s2)CN([C@@H]3CCS(=O)(=O)C3)C(=O)CCl,22,"A,B",ligand,drug_like
9V6G,X-RAY DIFFRACTION,2.0,A1ERA,"3-[bis(oxidanyl)methyl]pentane-1,1,3,5,5-pentol",C6 H14 O7,198.171,non-polymer,C(C(O)O)C(CC(O)O)(C(O)O)O,13,"A,B",ligand,drug_like
9V6I,X-RAY DIFFRACTION,2.46,A1ERA,"3-[bis(oxidanyl)methyl]pentane-1,1,3,5,5-pentol",C6 H14 O7,198.171,non-polymer,C(C(O)O)C(CC(O)O)(C(O)O)O,13,A,ligand,drug_like
9V6I,X-RAY DIFFRACTION,2.46,A1ERB,"~{N}-[(3~{R})-1,1-bis(oxidanylidene)thiolan-3-yl]-2-chloranyl-~{N}-[(3-phenylphenyl)methyl]ethanamide",C19 H20 Cl N O3 S,377.885,non-polymer,c1ccc(cc1)c2cccc(c2)CN([C@@H]3CCS(=O)(=O)C3)C(=O)CCl,25,"A,B",ligand,drug_like
9V6P,X-RAY DIFFRACTION,1.99,A1ERF,"~{N}-[(3~{R})-1,1-bis(oxidanylidene)thiolan-3-yl]-2-chloranyl-~{N}-[(6-chloranyl-1~{H}-indol-3-yl)methyl]ethanamide",C15 H16 Cl2 N2 O3 S,375.27,non-polymer,c1cc2c(cc1Cl)[nH]cc2CN([C@@H]3CCS(=O)(=O)C3)C(=O)CCl,23,"A,B",ligand,drug_like
9V6P,X-RAY DIFFRACTION,1.99,A1ERA,"3-[bis(oxidanyl)methyl]pentane-1,1,3,5,5-pentol",C6 H14 O7,198.171,non-polymer,C(C(O)O)C(CC(O)O)(C(O)O)O,13,"A,B",ligand,drug_like
9V92,X-RAY DIFFRACTION,1.97,QCF,3-(dimethylamino)-1-(thiophen-2-yl)propan-1-one,C9 H13 N O S,183.271,non-polymer,CN(C)CCC(=O)c1cccs1,12,A,ligand,drug_like
9V92,X-RAY DIFFRACTION,1.97,PE8,"3,6,9,12,15,18,21-HEPTAOXATRICOSANE-1,23-DIOL",C16 H34 O9,370.436,non-polymer,C(COCCOCCOCCOCCOCCOCCOCCO)O,25,A,additive_code,
9V92,X-RAY DIFFRACTION,1.97,SO4,SULFATE ION,O4 S,96.063,non-polymer,[O-]S(=O)(=O)[O-],5,A,additive_code,
9V6W,X-RAY DIFFRACTION,2.1,A1ERK,"~{N}-[(3~{R})-1,1-bis(oxidanylidene)thiolan-3-yl]-2-chloranyl-~{N}-[(5-phenoxythiophen-2-yl)methyl]ethanamide",C17 H18 Cl N O4 S2,399.912,non-polymer,c1ccc(cc1)Oc2ccc(s2)CN([C@@H]3CCS(=O)(=O)C3)C(=O)CCl,25,"A,B",ligand,drug_like
9V6W,X-RAY DIFFRACTION,2.1,A1ERA,"3-[bis(oxidanyl)methyl]pentane-1,1,3,5,5-pentol",C6 H14 O7,198.171,non-polymer,C(C(O)O)C(CC(O)O)(C(O)O)O,13,A,ligand,drug_like
9KXE,X-RAY DIFFRACTION,1.61,PE8,"3,6,9,12,15,18,21-HEPTAOXATRICOSANE-1,23-DIOL",C16 H34 O9,370.436,non-polymer,C(COCCOCCOCCOCCOCCOCCOCCO)O,25,A,additive_code,
9KXE,X-RAY DIFFRACTION,1.61,SO4,SULFATE ION,O4 S,96.063,non-polymer,[O-]S(=O)(=O)[O-],5,A,additive_code,
9KXE,X-RAY DIFFRACTION,1.61,A1EHF,4-methylthiophene-2-carboxamide,C6 H7 N O S,141.191,non-polymer,Cc1cc(sc1)C(=O)N,9,A,ligand,fragment
