case_id,pdb_id,comp_id,tier,heavy_atoms,resolution_a,ref_in_prod_box,n_rot_bonds,self_rmsd_a,self_affinity,self_rmsd_calcrms_check,cross_rmsd_a,cross_affinity,cross_rmsd_calcrms_check,self_rmsd_error,cross_rmsd_error
2XP3_B21_A1165,2XP3,B21,drug_like,16,2.0,True,3,2.3146520661861905,-6.3,2.3146520661861905,3.7642627598242933,-5.8,3.7642627598242933,,
2XP4_G14_A1165,2XP4,G14,drug_like,14,1.8,True,2,0.6391458586046129,-6.3,0.639145858604613,3.029147204365329,-5.7,3.029147204365329,,
2XP5_4FF_A1165,2XP5,4FF,drug_like,15,1.9,True,2,0.5720623509140703,-6.2,0.5720623509140704,3.165171253923975,-5.8,3.165171253923975,,
2XP6_4G2_A1165,2XP6,4G2,drug_like,16,1.9,True,2,0.361415705939849,-6.6,0.361415705939849,3.1076060118683007,-5.6,3.1076060118683,,
2XP7_4F8_A1164,2XP7,4F8,drug_like,17,2.0,True,3,0.7995999367330703,-7.2,0.7995999367330703,3.333401504204871,-5.9,3.3334015042048715,,
2XP8_4FY_A1165,2XP8,4FY,drug_like,22,2.1,True,3,4.0737006573206305,-6.7,4.07370065732063,4.93828906238146,-6.1,4.938289062381461,,
2XP9_4G8_A1165,2XP9,4G8,drug_like,28,1.9,True,7,1.2269172896794167,-6.7,1.2269172896794165,5.768385689626321,-6.4,5.768385689626321,,
2XPA_4G5_A1165,2XPA,4G5,drug_like,22,1.9,True,5,4.273159811278684,-6.2,4.273159811278684,6.867152986235538,-5.8,6.867152986235538,,
2XPB_4GE_A1165,2XPB,4GE,drug_like,26,2.0,True,5,6.354674070199159,-7.0,6.354674070199159,6.570994451140792,-7.0,6.570994451140793,,
3IKD_J9Z_A501,3IKD,J9Z,drug_like,26,2.0,True,7,5.073842698662349,-7.5,5.073842698662349,2.4955805398282043,-6.6,2.4955805398282043,,
3IKG_J8Z_A1,3IKG,J8Z,drug_like,27,1.86,True,7,0.7994233569915905,-7.5,0.7994233569915905,2.674076787728181,-6.7,2.674076787728181,,
3JYJ_JZI_A301,3JYJ,JZI,drug_like,26,1.87,True,6,7.025271141769877,-7.6,7.025271141769876,9.057742213156654,-6.8,9.057742213156653,,
3KAB_4BL_A166,3KAB,4BL,drug_like,13,2.19,True,1,1.886555550773378,-5.4,1.8865555507733778,2.0435019527197005,-5.5,2.0435019527197005,,
3KAC_4BX_A1,3KAC,4BX,drug_like,14,2.0,True,3,0.9982410959854762,-6.0,0.9982410959854762,3.4785441228027736,-5.5,3.4785441228027736,,
3KAD_4C0_A164,3KAD,4C0,drug_like,25,1.95,True,7,5.31356739300444,-6.0,5.31356739300444,5.4524406571736295,-6.3,5.4524406571736295,,
3KAF_4D9_A164,3KAF,4D9,drug_like,26,2.3,True,5,7.8903113129574685,-7.0,7.8903113129574685,7.1500630389905275,-6.4,7.1500630389905275,,
3KAG_4D7_A164,3KAG,4D7,drug_like,23,1.9,True,5,4.525558706800261,-6.7,4.525558706800261,3.93019279867828,-6.2,3.9301927986782803,,
3KAH_4DH_A165,3KAH,4DH,drug_like,29,2.3,True,6,0.9436493540761183,-7.3,0.9436493540761182,5.518194835394933,-6.9,5.518194835394934,,
3KAI_4FI_A165,3KAI,4FI,drug_like,30,1.9,True,6,7.8156189965990555,-7.5,7.815618996599055,6.22072127114962,-7.2,6.22072127114962,,
3KCE_4BY_A165,3KCE,4BY,drug_like,13,1.9,True,1,0.5673144562830139,-5.1,0.5673144562830139,2.7614307746305937,-5.3,2.7614307746305937,,
3NTP_RZD_A164,3NTP,RZD,drug_like,31,1.762,True,10,1.1444897722171565,-6.8,1.1444897722171565,4.3647787883199465,-5.8,4.3647787883199465,,
3ODK_ODK_A165,3ODK,ODK,drug_like,14,2.3,True,2,2.453870339455029,-5.8,2.4538703394550287,5.543355198536611,-5.7,5.543355198536611,,
3OOB_KDH_A402,3OOB,KDH,drug_like,33,1.89,False,3,11.290408499735918,-6.1,11.290408499735918,35.006636788939424,-6.7,35.006636788939424,,
3TC5_3T5_A164,3TC5,3T5,drug_like,32,1.4,True,4,0.5074647155221729,-10.2,0.5074647155221729,6.022377434929664,-6.2,6.0223774349296635,,
3TCZ_R2Z_A1,3TCZ,R2Z,drug_like,30,2.1,True,13,,,,,,,reference does not match the chem-comp graph,reference does not match the chem-comp graph
3TDB_3TB_A1,3TDB,3TB,drug_like,39,2.267,True,15,,,,,,,reference does not match the chem-comp graph,reference does not match the chem-comp graph
4TNS_REA_A201,4TNS,REA,drug_like,22,1.33,True,5,7.325612735774766,-5.7,7.325612735774767,7.537595185589247,-5.8,7.537595185589245,,
4TYO_39X_A201,4TYO,39X,drug_like,28,1.75,True,5,0.6442664710461702,-7.7,0.6442664710461702,3.411672311973369,-7.0,3.4116723119733687,,
9INR_A1D9K_A201,9INR,A1D9K,drug_like,41,1.93,True,9,8.341097104244684,-9.4,8.341097104244682,12.333370599372396,-6.9,12.333370599372397,,
9JYO_A1EDY_A301,9JYO,A1EDY,drug_like,11,1.6,True,2,14.157897718876972,-4.5,14.157897718876974,1.641319923387604,-4.7,1.6413199233876041,,
9JYP_A1EDZ_A301,9JYP,A1EDZ,drug_like,12,1.6,True,4,4.3865379667037345,-4.8,4.3865379667037345,3.4078835685314517,-5.0,3.4078835685314517,,
9JYR_A1ED0_A301,9JYR,A1ED0,fragment,11,1.65,True,1,2.959940739578782,-5.3,2.959940739578782,1.7567840452993015,-5.1,1.7567840452993015,,
9JYS_A1ED1_A301,9JYS,A1ED1,drug_like,11,1.75,True,2,14.939383594439837,-3.9,14.939383594439837,4.425457767795944,-4.2,4.425457767795945,,
9JYT_A1EDX_A202,9JYT,A1EDX,drug_like,12,1.85,True,0,3.047146397314488,-5.7,3.047146397314488,1.915179604284325,-5.7,1.915179604284325,,
9JYV_A1ED2_A202,9JYV,A1ED2,fragment,8,1.8,True,0,2.5227533569495058,-4.0,2.5227533569495058,3.1377074433413976,-4.5,3.1377074433413976,,
9JZ2_A1ED3_A301,9JZ2,A1ED3,drug_like,12,1.55,True,1,11.72886014282718,-4.7,11.72886014282718,9.929876723806796,-5.3,9.929876723806796,,
9JZ3_A1ED4_A301,9JZ3,A1ED4,fragment,11,1.98,True,1,2.122292456926536,-4.6,2.122292456926536,2.0805867397967774,-5.2,2.0805867397967774,,
9JZ4_A1ED5_A301,9JZ4,A1ED5,fragment,10,1.82,True,0,13.508059061167891,-4.3,13.508059061167891,13.419104672071086,-4.5,13.419104672071086,,
9JZ6_A1ED7_A301,9JZ6,A1ED7,fragment,6,1.65,True,0,12.318686740070955,-3.3,12.318686740070955,1.6518462398177391,-3.7,1.6518462398177391,,
9JZG_A1ED8_A301,9JZG,A1ED8,drug_like,11,1.76,True,2,15.492042197675085,-4.9,15.492042197675085,14.186860015201006,-4.6,14.186860015201006,,
9JZS_A1AT6_A301,9JZS,A1AT6,drug_like,12,1.91,True,1,14.226852878740727,-5.2,14.226852878740727,3.7598328420290175,-5.5,3.7598328420290175,,
9JZU_A1ED9_A301,9JZU,A1ED9,fragment,8,1.68,True,1,15.795437786747158,-4.1,15.795437786747158,12.895985867703175,-4.3,12.895985867703175,,
9JZV_A1EEA_A202,9JZV,A1EEA,fragment,8,1.9,True,0,16.06581017642746,-3.4,16.06581017642746,3.0079952626292483,-3.9,3.0079952626292483,,
9KE5_A1EE3_A202,9KE5,A1EE3,drug_like,11,2.05,True,1,14.606376334887571,-4.3,,4.320996412865902,-4.5,,,
9KE7_A1EE7_A301,9KE7,A1EE7,drug_like,13,1.68,True,3,10.4659865976189,-4.9,10.465986597618901,9.441088561748016,-5.0,9.441088561748018,,
9KE9_A1BDV_A201,9KE9,A1BDV,drug_like,11,2.25,True,1,2.0000487721325926,-5.0,2.0000487721325926,2.0080462915707176,-5.3,2.0080462915707176,,
9KEB_A1EE8_A301,9KEB,A1EE8,drug_like,16,1.65,True,2,9.09055134810315,-5.3,9.09055134810315,8.733810208036353,-5.1,8.733810208036353,,
9KEC_A1EE6_A202,9KEC,A1EE6,drug_like,15,1.68,True,5,10.981978024624404,-5.1,10.981978024624404,12.193394542401498,-5.0,12.193394542401498,,
9KEL_A1EFA_A202,9KEL,A1EFA,drug_like,12,1.96,True,1,9.658521781307945,-4.6,9.658521781307945,8.761942982771192,-5.4,8.761942982771192,,
9KEQ_A1EFB_A201,9KEQ,A1EFB,drug_like,14,1.53,True,1,8.437768399963854,-4.8,8.437768399963854,9.06642018266148,-4.8,9.066420182661481,,
9KES_A1EFC_A201,9KES,A1EFC,drug_like,14,1.62,True,2,10.598302333729814,-5.2,10.598302333729814,10.232215728486462,-5.7,10.23221572848646,,
9KEW_A1EFD_A201,9KEW,A1EFD,drug_like,11,1.6,True,1,11.248289611395066,-4.7,11.248289611395068,11.204646130471543,-5.9,11.204646130471543,,
9KEY_A1EFE_A201,9KEY,A1EFE,drug_like,11,2.49,True,1,11.987497824438138,-4.2,11.987497824438138,9.896842586492834,-5.2,9.896842586492834,,
9KEZ_DBJ_A301,9KEZ,DBJ,drug_like,12,1.95,True,1,9.658536737863901,-4.6,9.658536737863901,9.719229534793383,-5.6,9.719229534793383,,
9KF0_A1EFF_A301,9KF0,A1EFF,fragment,9,1.82,True,1,11.024808136400583,-3.9,11.024808136400583,10.654361923644231,-4.1,10.654361923644231,,
9KFC_A1AYA_A301,9KFC,A1AYA,drug_like,15,1.56,True,2,8.415050421714655,-4.6,8.415050421714655,9.169527279709317,-5.1,9.169527279709316,,
9KFH_A1EFG_A301,9KFH,A1EFG,fragment,9,1.59,False,1,12.420682160547116,-4.0,12.420682160547116,18.82718998918556,-4.8,18.827189989185555,,
9KFZ_A1EFO_A301,9KFZ,A1EFO,fragment,10,1.43,False,1,5.8220343437667905,-4.2,5.8220343437667905,26.771068615204733,-5.2,26.771068615204733,,
9KG9_A1EFP_A301,9KG9,A1EFP,drug_like,10,1.55,False,2,15.645842981443986,-3.7,15.645842981443986,20.94406272670133,-4.7,20.94406272670133,,
9KGO_A1EFQ_A201,9KGO,A1EFQ,fragment,8,1.62,False,1,11.982869011634902,-4.1,11.982869011634902,16.670073541379473,-4.7,16.670073541379473,,
9KX1_A1EHL_A301,9KX1,A1EHL,drug_like,11,1.7,True,0,2.532384736675187,-4.7,2.532384736675187,2.075251770048856,-5.6,2.0752517700488555,,
9KX7_A1EHC_A201,9KX7,A1EHC,fragment,11,1.53,False,1,5.664827109614042,-4.4,5.664827109614042,26.07889588432483,-5.2,26.07889588432483,,
9KX9_A1EHD_A301,9KX9,A1EHD,drug_like,12,1.62,True,1,10.806170748697248,-4.8,10.806170748697246,10.79468549024627,-5.3,10.79468549024627,,
9KXC_A1EHE_A201,9KXC,A1EHE,fragment,11,1.53,True,0,8.861137224368603,-4.8,8.861137224368603,22.070026212036993,-4.8,22.070026212036996,,
9KXD_53E_A301,9KXD,53E,drug_like,13,1.6,True,1,10.555645390755823,-5.0,10.555645390755823,10.327905990753699,-5.7,10.327905990753699,,
9KXE_A1EHF_A204,9KXE,A1EHF,fragment,9,1.61,False,1,12.786506142544699,-4.0,12.786506142544699,14.719200721808535,-4.3,14.719200721808535,,
9KXF_A1EHG_A301,9KXF,A1EHG,drug_like,11,1.71,True,1,11.310445144362637,-5.2,11.310445144362639,11.336467759965062,-5.2,11.336467759965062,,
9KXG_M4T_A301,9KXG,M4T,fragment,10,1.58,True,1,8.902377659928833,-4.5,8.902377659928833,10.525853832350133,-4.6,10.525853832350133,,
9KXH_A1EHO_A301,9KXH,A1EHO,drug_like,11,1.68,False,1,11.431083667709803,-4.6,11.431083667709803,20.310096069778606,-5.2,20.310096069778606,,
9KXI_A1EHY_A301,9KXI,A1EHY,drug_like,13,1.77,False,1,12.400618058418267,-4.7,12.400618058418267,18.953148005217823,-5.0,18.953148005217823,,
9KXJ_A1EVL_A301,9KXJ,A1EVL,drug_like,13,1.57,False,0,11.248405045913092,-5.4,11.248405045913092,19.592849871239334,-5.5,19.59284987123933,,
9KXK_A1EFQ_A301,9KXK,A1EFQ,fragment,8,1.96,False,1,8.939971888937908,-3.7,8.939971888937906,19.842442944355415,-4.7,19.842442944355415,,
9KXL_A1EHQ_A301,9KXL,A1EHQ,fragment,10,1.7,False,3,11.49036283152103,-3.5,11.49036283152103,28.14114311466398,-4.4,28.14114311466398,,
9KXM_A1ERZ_A301,9KXM,A1ERZ,drug_like,12,1.64,False,1,13.773448245930767,-4.1,13.773448245930767,31.235471458743824,-5.6,31.235471458743824,,
9KXN_A1EHR_A301,9KXN,A1EHR,fragment,10,1.67,False,1,15.62563493749934,-4.9,15.62563493749934,34.05410603436831,-4.7,34.05410603436831,,
9KXO_UUY_A301,9KXO,UUY,drug_like,11,1.75,True,3,9.821565196499533,-3.8,9.821565196499535,10.693058530059242,-4.8,10.693058530059242,,
9KXP_A1EHB_A301,9KXP,A1EHB,fragment,9,1.81,True,1,10.891851648518417,-3.7,10.891851648518417,11.103651346391521,-4.2,11.103651346391521,,
9KXQ_A1EHP_A301,9KXQ,A1EHP,fragment,9,1.69,False,1,10.577167117060323,-3.9,10.577167117060325,20.883663572807865,-4.2,20.883663572807865,,
9V6G_A1ERA_A201,9V6G,A1ERA,drug_like,13,2.0,True,5,2.873608318687634,-4.7,2.873608318687634,4.902889281606542,-4.7,4.902889281606542,,
9V6I_A1ERA_A202,9V6I,A1ERA,drug_like,13,2.46,True,5,7.0117000956094255,-4.2,7.0117000956094255,5.049276071493204,-4.5,5.049276071493204,,
9V6P_A1ERA_A202,9V6P,A1ERA,drug_like,13,1.99,True,5,2.3289934273448223,-4.4,2.3289934273448223,6.7109512738508235,-4.2,6.7109512738508235,,
9V6W_A1ERA_A201,9V6W,A1ERA,drug_like,13,2.1,True,5,3.0024493590810413,-4.2,3.0024493590810413,4.562216330486077,-4.7,4.562216330486077,,
