pdb_id,method,resolution_a,comp_id,comp_name,formula,formula_weight,comp_type,smiles,heavy_atoms,auth_asym_ids,classification,tier,case_id,lig_chain,lig_resseq,n_ligand_atoms_modelled,n_altloc_atoms_skipped,min_dist_to_protein_a,link_record,is_covalent,receptor_atoms_kept,solvent_atoms_removed,ligand_atoms_removed,other_het_retained,receptor_pdbqt,ref_pdb,box_json,host_chain,ref_6vaj_pdb,ca_fit_rmsd_a,n_fit_residues,cross_dock_ready,ref_frac_atoms_in_prod_box,ref_centroid_dist_to_prod_centre_a,ref_in_prod_box,status,drop_reason
2XP3,X-RAY DIFFRACTION,2.0,B21,5-(2-METHOXYPHENYL)-2-FUROIC ACID,C12 H10 O4,218.205,non-polymer,COc1ccccc1c2ccc(o2)C(=O)O,16,A,ligand,drug_like,2XP3_B21_A1165,A,1165,16,0,2.527,False,False,1173.0,90.0,16.0,17.0,/data/lab_vm/append_only/inhibition/05_redock_benchmark/cases_1/receptors/2XP3/receptor.pdbqt,/data/lab_vm/append_only/inhibition/05_redock_benchmark/cases_1/refs/2XP3_B21_A1165_ref.pdb,/data/lab_vm/append_only/inhibition/05_redock_benchmark/cases_1/boxes/2XP3_B21_A1165.json,A,/data/lab_vm/append_only/inhibition/05_redock_benchmark/cases_1/refs_6vaj/2XP3_B21_A1165_ref6vaj.pdb,0.403,111.0,True,1.0,2.06,True,case,
2XP4,X-RAY DIFFRACTION,1.8,G14,2-phenyl-1H-imidazole-4-carboxylic acid,C10 H8 N2 O2,188.183,non-polymer,c1ccc(cc1)c2[nH]cc(n2)C(=O)O,14,A,ligand,drug_like,2XP4_G14_A1165,A,1165,14,0,2.777,False,False,1168.0,119.0,14.0,18.0,/data/lab_vm/append_only/inhibition/05_redock_benchmark/cases_1/receptors/2XP4/receptor.pdbqt,/data/lab_vm/append_only/inhibition/05_redock_benchmark/cases_1/refs/2XP4_G14_A1165_ref.pdb,/data/lab_vm/append_only/inhibition/05_redock_benchmark/cases_1/boxes/2XP4_G14_A1165.json,A,/data/lab_vm/append_only/inhibition/05_redock_benchmark/cases_1/refs_6vaj/2XP4_G14_A1165_ref6vaj.pdb,0.335,111.0,True,1.0,2.17,True,case,
2XP5,X-RAY DIFFRACTION,1.9,4FF,5-METHYL-2-PHENYL-1H-IMIDAZOLE-4-CARBOXYLIC ACID,C11 H10 N2 O2,202.209,non-polymer,Cc1c(nc([nH]1)c2ccccc2)C(=O)O,15,A,ligand,drug_like,2XP5_4FF_A1165,A,1165,15,0,2.394,False,False,1179.0,120.0,15.0,23.0,/data/lab_vm/append_only/inhibition/05_redock_benchmark/cases_1/receptors/2XP5/receptor.pdbqt,/data/lab_vm/append_only/inhibition/05_redock_benchmark/cases_1/refs/2XP5_4FF_A1165_ref.pdb,/data/lab_vm/append_only/inhibition/05_redock_benchmark/cases_1/boxes/2XP5_4FF_A1165.json,A,/data/lab_vm/append_only/inhibition/05_redock_benchmark/cases_1/refs_6vaj/2XP5_4FF_A1165_ref6vaj.pdb,0.372,111.0,True,1.0,2.35,True,case,
2XP6,X-RAY DIFFRACTION,1.9,4G2,2-(3-CHLORO-PHENYL)-5-METHYL-1H-IMIDAZOLE-4-CARBOXYLIC ACID,C11 H9 Cl N2 O2,236.654,non-polymer,Cc1c(nc([nH]1)c2cccc(c2)Cl)C(=O)O,16,A,ligand,drug_like,2XP6_4G2_A1165,A,1165,16,0,2.636,False,False,1174.0,136.0,16.0,22.0,/data/lab_vm/append_only/inhibition/05_redock_benchmark/cases_1/receptors/2XP6/receptor.pdbqt,/data/lab_vm/append_only/inhibition/05_redock_benchmark/cases_1/refs/2XP6_4G2_A1165_ref.pdb,/data/lab_vm/append_only/inhibition/05_redock_benchmark/cases_1/boxes/2XP6_4G2_A1165.json,A,/data/lab_vm/append_only/inhibition/05_redock_benchmark/cases_1/refs_6vaj/2XP6_4G2_A1165_ref6vaj.pdb,0.335,110.0,True,1.0,2.23,True,case,
2XP7,X-RAY DIFFRACTION,2.0,4F8,"2-PHENYL-1H-IMIDAZOLE-4,5-DICARBOXYLIC ACID",C11 H8 N2 O4,232.192,non-polymer,c1ccc(cc1)c2[nH]c(c(n2)C(=O)O)C(=O)O,17,A,ligand,drug_like,2XP7_4F8_A1164,A,1164,17,0,2.752,False,False,1177.0,138.0,17.0,24.0,/data/lab_vm/append_only/inhibition/05_redock_benchmark/cases_1/receptors/2XP7/receptor.pdbqt,/data/lab_vm/append_only/inhibition/05_redock_benchmark/cases_1/refs/2XP7_4F8_A1164_ref.pdb,/data/lab_vm/append_only/inhibition/05_redock_benchmark/cases_1/boxes/2XP7_4F8_A1164.json,A,/data/lab_vm/append_only/inhibition/05_redock_benchmark/cases_1/refs_6vaj/2XP7_4F8_A1164_ref6vaj.pdb,0.396,111.0,True,1.0,2.72,True,case,
2XP8,X-RAY DIFFRACTION,2.1,4FY,4-(MORPHOLIN-4-YLCARBONYL)-2-PHENYL-1H-IMIDAZOLE-5-CARBOXYLIC ACID,C15 H15 N3 O4,301.297,non-polymer,c1ccc(cc1)c2[nH]c(c(n2)C(=O)N3CCOCC3)C(=O)O,22,A,ligand,drug_like,2XP8_4FY_A1165,A,1165,22,0,2.666,False,False,1168.0,18.0,22.0,12.0,/data/lab_vm/append_only/inhibition/05_redock_benchmark/cases_1/receptors/2XP8/receptor.pdbqt,/data/lab_vm/append_only/inhibition/05_redock_benchmark/cases_1/refs/2XP8_4FY_A1165_ref.pdb,/data/lab_vm/append_only/inhibition/05_redock_benchmark/cases_1/boxes/2XP8_4FY_A1165.json,A,/data/lab_vm/append_only/inhibition/05_redock_benchmark/cases_1/refs_6vaj/2XP8_4FY_A1165_ref6vaj.pdb,0.421,111.0,True,1.0,3.21,True,case,
2XP9,X-RAY DIFFRACTION,1.9,4G8,4-[BENZYL(CARBOXYMETHYL)CARBAMOYL]-2-PHENYL-1H-IMIDAZOLE-5-CARBOXYLIC ACID,C20 H17 N3 O5,379.366,non-polymer,c1ccc(cc1)CN(CC(=O)O)C(=O)c2c([nH]c(n2)c3ccccc3)C(=O)O,28,A,ligand,drug_like,2XP9_4G8_A1165,A,1165,28,0,2.671,False,False,1164.0,145.0,28.0,17.0,/data/lab_vm/append_only/inhibition/05_redock_benchmark/cases_1/receptors/2XP9/receptor.pdbqt,/data/lab_vm/append_only/inhibition/05_redock_benchmark/cases_1/refs/2XP9_4G8_A1165_ref.pdb,/data/lab_vm/append_only/inhibition/05_redock_benchmark/cases_1/boxes/2XP9_4G8_A1165.json,A,/data/lab_vm/append_only/inhibition/05_redock_benchmark/cases_1/refs_6vaj/2XP9_4G8_A1165_ref6vaj.pdb,0.363,111.0,True,1.0,3.93,True,case,
2XPA,X-RAY DIFFRACTION,1.9,4G5,4-[(2-amino-2-oxoethyl)(methyl)carbamoyl]-2-phenyl-1H-imidazole-5-carboxylic acid,C14 H14 N4 O4,302.285,non-polymer,CN(CC(=O)N)C(=O)c1c([nH]c(n1)c2ccccc2)C(=O)O,22,A,ligand,drug_like,2XPA_4G5_A1165,A,1165,22,0,2.78,False,False,1177.0,108.0,22.0,17.0,/data/lab_vm/append_only/inhibition/05_redock_benchmark/cases_1/receptors/2XPA/receptor.pdbqt,/data/lab_vm/append_only/inhibition/05_redock_benchmark/cases_1/refs/2XPA_4G5_A1165_ref.pdb,/data/lab_vm/append_only/inhibition/05_redock_benchmark/cases_1/boxes/2XPA_4G5_A1165.json,A,/data/lab_vm/append_only/inhibition/05_redock_benchmark/cases_1/refs_6vaj/2XPA_4G5_A1165_ref6vaj.pdb,0.371,111.0,True,1.0,3.42,True,case,
2XPB,X-RAY DIFFRACTION,2.0,4GE,5-[BENZYL(METHYL)CARBAMOYL]-2-(3-CHLOROPHENYL)-1H-IMIDAZOLE-4-CARBOXYLIC ACID,C19 H16 Cl N3 O3,369.802,non-polymer,CN(Cc1ccccc1)C(=O)c2c(nc([nH]2)c3cccc(c3)Cl)C(=O)O,26,A,ligand,drug_like,2XPB_4GE_A1165,A,1165,26,0,2.307,False,False,1165.0,104.0,26.0,9.0,/data/lab_vm/append_only/inhibition/05_redock_benchmark/cases_1/receptors/2XPB/receptor.pdbqt,/data/lab_vm/append_only/inhibition/05_redock_benchmark/cases_1/refs/2XPB_4GE_A1165_ref.pdb,/data/lab_vm/append_only/inhibition/05_redock_benchmark/cases_1/boxes/2XPB_4GE_A1165.json,A,/data/lab_vm/append_only/inhibition/05_redock_benchmark/cases_1/refs_6vaj/2XPB_4GE_A1165_ref6vaj.pdb,0.34,111.0,True,1.0,3.66,True,case,
3I6C,X-RAY DIFFRACTION,1.3,GIA,3-fluoro-N-(naphthalen-2-ylcarbonyl)-D-phenylalanine,C20 H16 F N O3,337.344,non-polymer,c1ccc2cc(ccc2c1)C(=O)N[C@H](Cc3cccc(c3)F)C(=O)O,25,"A,B",ligand,drug_like,3I6C_GIA_A301,A,301,8,0,3.061,False,False,,,,,,,,,,,,,,,,drop,atom_count_mismatch_8_modelled_vs_25_in_chem_comp
3IKD,X-RAY DIFFRACTION,2.0,J9Z,(2R)-2-[(1-benzothiophen-2-ylcarbonyl)amino]-3-phenylpropyl phosphate,C18 H16 N O5 P S,389.362,non-polymer,c1ccc(cc1)C[C@H](COP(=O)([O-])[O-])NC(=O)c2cc3ccccc3s2,26,"A,B",ligand,drug_like,3IKD_J9Z_A501,A,501,26,0,2.706,False,False,1750.0,474.0,84.0,0.0,/data/lab_vm/append_only/inhibition/05_redock_benchmark/cases_1/receptors/3IKD/receptor.pdbqt,/data/lab_vm/append_only/inhibition/05_redock_benchmark/cases_1/refs/3IKD_J9Z_A501_ref.pdb,/data/lab_vm/append_only/inhibition/05_redock_benchmark/cases_1/boxes/3IKD_J9Z_A501.json,A,/data/lab_vm/append_only/inhibition/05_redock_benchmark/cases_1/refs_6vaj/3IKD_J9Z_A501_ref6vaj.pdb,0.515,113.0,True,1.0,1.46,True,case,
3IKG,X-RAY DIFFRACTION,1.86,J8Z,(2R)-2-[(1-benzothiophen-2-ylcarbonyl)amino]-3-(3-methylphenyl)propyl phosphate,C19 H18 N O5 P S,403.389,non-polymer,Cc1cccc(c1)C[C@H](COP(=O)([O-])[O-])NC(=O)c2cc3ccccc3s2,27,"A,B",ligand,drug_like,3IKG_J8Z_A1,A,1,27,0,2.676,False,False,1781.0,167.0,54.0,0.0,/data/lab_vm/append_only/inhibition/05_redock_benchmark/cases_1/receptors/3IKG/receptor.pdbqt,/data/lab_vm/append_only/inhibition/05_redock_benchmark/cases_1/refs/3IKG_J8Z_A1_ref.pdb,/data/lab_vm/append_only/inhibition/05_redock_benchmark/cases_1/boxes/3IKG_J8Z_A1.json,A,/data/lab_vm/append_only/inhibition/05_redock_benchmark/cases_1/refs_6vaj/3IKG_J8Z_A1_ref6vaj.pdb,0.488,113.0,True,1.0,1.48,True,case,
3JYJ,X-RAY DIFFRACTION,1.87,JZI,"(2R,4E)-2-[(naphthalen-2-ylcarbonyl)amino]-5-phenylpent-4-enoic acid",C22 H19 N O3,345.391,non-polymer,c1ccc(cc1)/C=C/C[C@H](C(=O)O)NC(=O)c2ccc3ccccc3c2,26,"A,B",ligand,drug_like,3JYJ_JZI_A301,A,301,26,0,2.912,False,False,1768.0,125.0,52.0,0.0,/data/lab_vm/append_only/inhibition/05_redock_benchmark/cases_1/receptors/3JYJ/receptor.pdbqt,/data/lab_vm/append_only/inhibition/05_redock_benchmark/cases_1/refs/3JYJ_JZI_A301_ref.pdb,/data/lab_vm/append_only/inhibition/05_redock_benchmark/cases_1/boxes/3JYJ_JZI_A301.json,A,/data/lab_vm/append_only/inhibition/05_redock_benchmark/cases_1/refs_6vaj/3JYJ_JZI_A301_ref6vaj.pdb,0.479,113.0,True,1.0,1.96,True,case,
3KAB,X-RAY DIFFRACTION,2.19,4BL,6-methyl-1H-indole-2-carboxylic acid,C10 H9 N O2,175.184,non-polymer,Cc1ccc2cc([nH]c2c1)C(=O)O,13,A,ligand,drug_like,3KAB_4BL_A166,A,166,13,0,2.683,False,False,1174.0,86.0,13.0,18.0,/data/lab_vm/append_only/inhibition/05_redock_benchmark/cases_1/receptors/3KAB/receptor.pdbqt,/data/lab_vm/append_only/inhibition/05_redock_benchmark/cases_1/refs/3KAB_4BL_A166_ref.pdb,/data/lab_vm/append_only/inhibition/05_redock_benchmark/cases_1/boxes/3KAB_4BL_A166.json,A,/data/lab_vm/append_only/inhibition/05_redock_benchmark/cases_1/refs_6vaj/3KAB_4BL_A166_ref6vaj.pdb,0.345,111.0,True,1.0,1.09,True,case,
3KAC,X-RAY DIFFRACTION,2.0,4BX,3-(1H-benzimidazol-2-yl)propanoic acid,C10 H10 N2 O2,190.199,non-polymer,c1ccc2c(c1)[nH]c(n2)CCC(=O)O,14,"A,B",ligand,drug_like,3KAC_4BX_A1,A,1,14,0,2.769,False,False,1795.0,224.0,28.0,0.0,/data/lab_vm/append_only/inhibition/05_redock_benchmark/cases_1/receptors/3KAC/receptor.pdbqt,/data/lab_vm/append_only/inhibition/05_redock_benchmark/cases_1/refs/3KAC_4BX_A1_ref.pdb,/data/lab_vm/append_only/inhibition/05_redock_benchmark/cases_1/boxes/3KAC_4BX_A1.json,A,/data/lab_vm/append_only/inhibition/05_redock_benchmark/cases_1/refs_6vaj/3KAC_4BX_A1_ref6vaj.pdb,0.535,113.0,True,1.0,2.1,True,case,
3KAD,X-RAY DIFFRACTION,1.95,4C0,3-(1H-benzimidazol-2-yl)-N-(3-phenylpropanoyl)-D-alanine,C19 H19 N3 O3,337.372,non-polymer,c1ccc(cc1)CCC(=O)N[C@H](Cc2[nH]c3ccccc3n2)C(=O)O,25,A,ligand,drug_like,3KAD_4C0_A164,A,164,25,0,2.747,False,False,1169.0,165.0,25.0,24.0,/data/lab_vm/append_only/inhibition/05_redock_benchmark/cases_1/receptors/3KAD/receptor.pdbqt,/data/lab_vm/append_only/inhibition/05_redock_benchmark/cases_1/refs/3KAD_4C0_A164_ref.pdb,/data/lab_vm/append_only/inhibition/05_redock_benchmark/cases_1/boxes/3KAD_4C0_A164.json,A,/data/lab_vm/append_only/inhibition/05_redock_benchmark/cases_1/refs_6vaj/3KAD_4C0_A164_ref6vaj.pdb,0.356,110.0,True,1.0,2.0,True,case,
3KAF,X-RAY DIFFRACTION,2.3,4D9,3-(1H-benzimidazol-2-yl)-N-(1-benzothiophen-2-ylcarbonyl)-D-alanine,C19 H15 N3 O3 S,365.406,non-polymer,c1ccc2c(c1)cc(s2)C(=O)N[C@H](Cc3[nH]c4ccccc4n3)C(=O)O,26,A,ligand,drug_like,3KAF_4D9_A164,A,164,26,0,2.745,False,False,1152.0,48.0,26.0,0.0,/data/lab_vm/append_only/inhibition/05_redock_benchmark/cases_1/receptors/3KAF/receptor.pdbqt,/data/lab_vm/append_only/inhibition/05_redock_benchmark/cases_1/refs/3KAF_4D9_A164_ref.pdb,/data/lab_vm/append_only/inhibition/05_redock_benchmark/cases_1/boxes/3KAF_4D9_A164.json,A,/data/lab_vm/append_only/inhibition/05_redock_benchmark/cases_1/refs_6vaj/3KAF_4D9_A164_ref6vaj.pdb,0.412,110.0,True,1.0,2.03,True,case,
3KAG,X-RAY DIFFRACTION,1.9,4D7,3-(1H-benzimidazol-2-yl)-N-[(2-methylfuran-3-yl)carbonyl]-D-alanine,C16 H15 N3 O4,313.308,non-polymer,Cc1c(cco1)C(=O)N[C@H](Cc2[nH]c3ccccc3n2)C(=O)O,23,A,ligand,drug_like,3KAG_4D7_A164,A,164,23,0,2.697,False,False,1178.0,121.0,23.0,22.0,/data/lab_vm/append_only/inhibition/05_redock_benchmark/cases_1/receptors/3KAG/receptor.pdbqt,/data/lab_vm/append_only/inhibition/05_redock_benchmark/cases_1/refs/3KAG_4D7_A164_ref.pdb,/data/lab_vm/append_only/inhibition/05_redock_benchmark/cases_1/boxes/3KAG_4D7_A164.json,A,/data/lab_vm/append_only/inhibition/05_redock_benchmark/cases_1/refs_6vaj/3KAG_4D7_A164_ref6vaj.pdb,0.326,111.0,True,1.0,2.16,True,case,
3KAH,X-RAY DIFFRACTION,2.3,4DH,3-(1H-benzimidazol-2-yl)-N-[(1-methyl-3-phenyl-1H-pyrazol-5-yl)carbonyl]-D-alanine,C21 H19 N5 O3,389.407,non-polymer,Cn1c(cc(n1)c2ccccc2)C(=O)N[C@H](Cc3[nH]c4ccccc4n3)C(=O)O,29,A,ligand,drug_like,3KAH_4DH_A165,A,165,29,0,2.521,False,False,1180.0,112.0,29.0,24.0,/data/lab_vm/append_only/inhibition/05_redock_benchmark/cases_1/receptors/3KAH/receptor.pdbqt,/data/lab_vm/append_only/inhibition/05_redock_benchmark/cases_1/refs/3KAH_4DH_A165_ref.pdb,/data/lab_vm/append_only/inhibition/05_redock_benchmark/cases_1/boxes/3KAH_4DH_A165.json,A,/data/lab_vm/append_only/inhibition/05_redock_benchmark/cases_1/refs_6vaj/3KAH_4DH_A165_ref6vaj.pdb,0.361,111.0,True,1.0,2.56,True,case,
3KAI,X-RAY DIFFRACTION,1.9,4FI,(2R)-2-[(2-methyl-5-phenyl-pyrazol-3-yl)carbonylamino]-3-naphthalen-2-yl-propanoic acid,C24 H21 N3 O3,399.442,non-polymer,Cn1c(cc(n1)c2ccccc2)C(=O)N[C@H](Cc3ccc4ccccc4c3)C(=O)O,30,A,ligand,drug_like,3KAI_4FI_A165,A,165,30,0,3.068,False,False,1175.0,116.0,30.0,19.0,/data/lab_vm/append_only/inhibition/05_redock_benchmark/cases_1/receptors/3KAI/receptor.pdbqt,/data/lab_vm/append_only/inhibition/05_redock_benchmark/cases_1/refs/3KAI_4FI_A165_ref.pdb,/data/lab_vm/append_only/inhibition/05_redock_benchmark/cases_1/boxes/3KAI_4FI_A165.json,A,/data/lab_vm/append_only/inhibition/05_redock_benchmark/cases_1/refs_6vaj/3KAI_4FI_A165_ref6vaj.pdb,0.375,111.0,True,1.0,2.61,True,case,
3KCE,X-RAY DIFFRACTION,1.9,4BY,5-methyl-1H-indole-2-carboxylic acid,C10 H9 N O2,175.184,non-polymer,Cc1ccc2c(c1)cc([nH]2)C(=O)O,13,A,ligand,drug_like,3KCE_4BY_A165,A,165,13,0,3.008,False,False,1178.0,118.0,13.0,24.0,/data/lab_vm/append_only/inhibition/05_redock_benchmark/cases_1/receptors/3KCE/receptor.pdbqt,/data/lab_vm/append_only/inhibition/05_redock_benchmark/cases_1/refs/3KCE_4BY_A165_ref.pdb,/data/lab_vm/append_only/inhibition/05_redock_benchmark/cases_1/boxes/3KCE_4BY_A165.json,A,/data/lab_vm/append_only/inhibition/05_redock_benchmark/cases_1/refs_6vaj/3KCE_4BY_A165_ref6vaj.pdb,0.404,111.0,True,1.0,1.84,True,case,
3NTP,X-RAY DIFFRACTION,1.762,RZD,(2R)-2-(acetylamino)-3-[(2S)-2-{[2-(1H-indol-3-yl)ethyl]carbamoyl}pyrrolidin-1-yl]propyl dihydrogen phosphate,C20 H29 N4 O6 P,452.441,non-polymer,CC(=O)N[C@H](C[N@@]1CCC[C@H]1C(=O)NCCc2c[nH]c3c2cccc3)COP(=O)(O)O,31,A,ligand,drug_like,3NTP_RZD_A164,A,164,31,0,2.703,False,False,1194.0,86.0,31.0,25.0,/data/lab_vm/append_only/inhibition/05_redock_benchmark/cases_1/receptors/3NTP/receptor.pdbqt,/data/lab_vm/append_only/inhibition/05_redock_benchmark/cases_1/refs/3NTP_RZD_A164_ref.pdb,/data/lab_vm/append_only/inhibition/05_redock_benchmark/cases_1/boxes/3NTP_RZD_A164.json,A,/data/lab_vm/append_only/inhibition/05_redock_benchmark/cases_1/refs_6vaj/3NTP_RZD_A164_ref6vaj.pdb,0.405,112.0,True,1.0,1.86,True,case,
3ODK,X-RAY DIFFRACTION,2.3,ODK,3-pyridin-2-yl-1H-pyrazole-5-carboxylic acid,C9 H7 N3 O2,189.171,non-polymer,c1ccnc(c1)c2cc([nH]n2)C(=O)O,14,A,ligand,drug_like,3ODK_ODK_A165,A,165,14,0,3.038,False,False,1179.0,67.0,14.0,23.0,/data/lab_vm/append_only/inhibition/05_redock_benchmark/cases_1/receptors/3ODK/receptor.pdbqt,/data/lab_vm/append_only/inhibition/05_redock_benchmark/cases_1/refs/3ODK_ODK_A165_ref.pdb,/data/lab_vm/append_only/inhibition/05_redock_benchmark/cases_1/boxes/3ODK_ODK_A165.json,A,/data/lab_vm/append_only/inhibition/05_redock_benchmark/cases_1/refs_6vaj/3ODK_ODK_A165_ref6vaj.pdb,0.438,111.0,True,1.0,1.83,True,case,
3OOB,X-RAY DIFFRACTION,1.89,KDH,"(2R,3R)-5,7-dihydroxy-2-(3,4,5-trihydroxyphenyl)-3,4-dihydro-2H-chromen-3-yl 3,4,5-trihydroxybenzoate",C22 H18 O11,458.372,non-polymer,c1c(cc(c(c1O)O)O)[C@@H]2[C@@H](Cc3c(cc(cc3O2)O)O)OC(=O)c4cc(c(c(c4)O)O)O,33,A,ligand,drug_like,3OOB_KDH_A402,A,402,33,0,2.646,False,False,1205.0,117.0,66.0,40.0,/data/lab_vm/append_only/inhibition/05_redock_benchmark/cases_1/receptors/3OOB/receptor.pdbqt,/data/lab_vm/append_only/inhibition/05_redock_benchmark/cases_1/refs/3OOB_KDH_A402_ref.pdb,/data/lab_vm/append_only/inhibition/05_redock_benchmark/cases_1/boxes/3OOB_KDH_A402.json,A,/data/lab_vm/append_only/inhibition/05_redock_benchmark/cases_1/refs_6vaj/3OOB_KDH_A402_ref6vaj.pdb,0.386,111.0,True,0.0,32.36,False,case,
3TC5,X-RAY DIFFRACTION,1.4,3T5,"(11alpha,16alpha)-9-fluoro-11,17-dihydroxy-16-methyl-3,20-dioxopregna-1,4-dien-21-yl dihydrogen phosphate",C22 H30 F O8 P,472.441,non-polymer,C[C@@H]1C[C@H]2[C@@H]3CCC4=CC(=O)C=C[C@@]4([C@]3([C@H](C[C@@]2([C@]1(C(=O)COP(=O)(O)O)O)C)O)F)C,32,A,ligand,drug_like,3TC5_3T5_A164,A,164,32,0,2.584,False,False,1135.0,285.0,32.0,0.0,/data/lab_vm/append_only/inhibition/05_redock_benchmark/cases_1/receptors/3TC5/receptor.pdbqt,/data/lab_vm/append_only/inhibition/05_redock_benchmark/cases_1/refs/3TC5_3T5_A164_ref.pdb,/data/lab_vm/append_only/inhibition/05_redock_benchmark/cases_1/boxes/3TC5_3T5_A164.json,A,/data/lab_vm/append_only/inhibition/05_redock_benchmark/cases_1/refs_6vaj/3TC5_3T5_A164_ref6vaj.pdb,0.4,111.0,True,1.0,2.16,True,case,
3TCZ,X-RAY DIFFRACTION,2.1,R2Z,"N~2~-({(1R,2Z)-2-[(2R)-2-(formylamino)-3-(phosphonooxy)propylidene]cyclopentyl}carbonyl)-L-argininamide",C16 H29 N6 O7 P,448.411,non-polymer,[H]/N=C(\N)/NCCC[C@@H](C(=O)N)NC(=O)[C@@H]\1CCC/C1=C/[C@H](COP(=O)(O)O)NC=O,30,A,ligand,drug_like,3TCZ_R2Z_A1,A,1,30,0,2.586,False,False,1188.0,87.0,30.0,24.0,/data/lab_vm/append_only/inhibition/05_redock_benchmark/cases_1/receptors/3TCZ/receptor.pdbqt,/data/lab_vm/append_only/inhibition/05_redock_benchmark/cases_1/refs/3TCZ_R2Z_A1_ref.pdb,/data/lab_vm/append_only/inhibition/05_redock_benchmark/cases_1/boxes/3TCZ_R2Z_A1.json,A,/data/lab_vm/append_only/inhibition/05_redock_benchmark/cases_1/refs_6vaj/3TCZ_R2Z_A1_ref6vaj.pdb,0.357,111.0,True,1.0,2.23,True,case,
3TDB,X-RAY DIFFRACTION,2.267,3TB,"N-[(1E,2R)-1-[(2R)-2-{[(2S)-1-amino-5-carbamimidamido-1-oxopentan-2-yl]carbamoyl}cyclopentylidene]-3-(phosphonooxy)propan-2-yl]-L-phenylalaninamide",C24 H38 N7 O7 P,567.575,non-polymer,[H]/N=C(\N)/NCCC[C@@H](C(=O)N)NC(=O)[C@@H]\1CCC/C1=C\[C@H](COP(=O)(O)O)NC(=O)[C@H](Cc2ccccc2)N,39,A,ligand,drug_like,3TDB_3TB_A1,A,1,39,0,2.925,False,False,1188.0,64.0,39.0,24.0,/data/lab_vm/append_only/inhibition/05_redock_benchmark/cases_1/receptors/3TDB/receptor.pdbqt,/data/lab_vm/append_only/inhibition/05_redock_benchmark/cases_1/refs/3TDB_3TB_A1_ref.pdb,/data/lab_vm/append_only/inhibition/05_redock_benchmark/cases_1/boxes/3TDB_3TB_A1.json,A,/data/lab_vm/append_only/inhibition/05_redock_benchmark/cases_1/refs_6vaj/3TDB_3TB_A1_ref6vaj.pdb,0.369,111.0,True,1.0,3.08,True,case,
4TNS,X-RAY DIFFRACTION,1.33,REA,RETINOIC ACID,C20 H28 O2,300.435,non-polymer,CC1=C(C(CCC1)(C)C)/C=C/C(=C/C=C/C(=C/C(=O)O)/C)/C,22,A,ligand,drug_like,4TNS_REA_A201,A,201,22,0,2.399,False,False,1784.0,127.0,22.0,0.0,/data/lab_vm/append_only/inhibition/05_redock_benchmark/cases_1/receptors/4TNS/receptor.pdbqt,/data/lab_vm/append_only/inhibition/05_redock_benchmark/cases_1/refs/4TNS_REA_A201_ref.pdb,/data/lab_vm/append_only/inhibition/05_redock_benchmark/cases_1/boxes/4TNS_REA_A201.json,A,/data/lab_vm/append_only/inhibition/05_redock_benchmark/cases_1/refs_6vaj/4TNS_REA_A201_ref6vaj.pdb,0.516,113.0,True,1.0,3.13,True,case,
4TYO,X-RAY DIFFRACTION,1.75,39X,3-(6-fluoro-1H-benzimidazol-2-yl)-N-(naphthalen-2-ylcarbonyl)-D-alanine,C21 H16 F N3 O3,377.368,non-polymer,c1ccc2cc(ccc2c1)C(=O)N[C@H](Cc3[nH]c4cc(ccc4n3)F)C(=O)O,28,"A,B",ligand,drug_like,4TYO_39X_A201,A,201,28,0,2.742,False,False,1778.0,173.0,86.0,0.0,/data/lab_vm/append_only/inhibition/05_redock_benchmark/cases_1/receptors/4TYO/receptor.pdbqt,/data/lab_vm/append_only/inhibition/05_redock_benchmark/cases_1/refs/4TYO_39X_A201_ref.pdb,/data/lab_vm/append_only/inhibition/05_redock_benchmark/cases_1/boxes/4TYO_39X_A201.json,A,/data/lab_vm/append_only/inhibition/05_redock_benchmark/cases_1/refs_6vaj/4TYO_39X_A201_ref6vaj.pdb,0.468,113.0,True,1.0,1.57,True,case,
6VAJ,X-RAY DIFFRACTION,1.42,QT7,"2-chloro-N-(2,2-dimethylpropyl)-N-[(3R)-1,1-dioxo-1lambda~6~-thiolan-3-yl]acetamide",C11 H20 Cl N O3 S,281.799,non-polymer,CC(C)(C)CN([C@@H]1CCS(=O)(=O)C1)C(=O)CCl,17,A,ligand,drug_like,6VAJ_QT7_A201,A,201,16,0,1.776,True,True,,,,,,,,,,,,,,,,excluded_covalent,covalent_at_1.78A_leaving_group_absent_16_of_17_link_record
7AXN,X-RAY DIFFRACTION,1.4,S6B,3-chloranyl-4-imidazol-1-yl-benzaldehyde,C10 H9 Cl N2 O,208.644,non-polymer,c1cc(c(cc1CO)Cl)n2ccnc2,14,A,ligand,drug_like,7AXN_S6B_A301,A,301,13,0,1.418,True,True,,,,,,,,,,,,,,,,excluded_covalent,covalent_at_1.42A_leaving_group_absent_13_of_14_link_record
7AYF,X-RAY DIFFRACTION,1.752,S9E,6-(2-bromanylimidazol-1-yl)pyridine-3-carbaldehyde,C9 H6 Br N3 O,252.067,non-polymer,c1cc(ncc1C=O)n2ccnc2Br,14,A,ligand,drug_like,7AYF_S9E_A301,A,301,13,0,1.428,True,True,,,,,,,,,,,,,,,,excluded_covalent,covalent_at_1.43A_leaving_group_absent_13_of_14_link_record
7AZ1,X-RAY DIFFRACTION,1.15,SGH,1-[4-methyl-3-(trifluoromethyl)phenyl]-2-phenyl-imidazole,C17 H13 F3 N2,302.294,non-polymer,Cc1ccc(cc1C(F)(F)F)n2ccnc2c3ccccc3,22,A,ligand,drug_like,7AZ1_SGH_A301,A,301,22,0,1.426,True,True,,,,,,,,,,,,,,,,excluded_covalent,covalent_at_1.43A_link_record
7AZ2,X-RAY DIFFRACTION,1.081,SFW,1-[4-methyl-2-(trifluoromethyl)phenyl]-2-phenyl-imidazole,C17 H13 F3 N2,302.294,non-polymer,Cc1ccc(c(c1)C(F)(F)F)n2ccnc2c3ccccc3,22,A,ligand,drug_like,7AZ2_SFW_A301,A,301,22,0,1.429,True,True,,,,,,,,,,,,,,,,excluded_covalent,covalent_at_1.43A_link_record
7BDP,X-RAY DIFFRACTION,1.75,TJB,2-chloranyl-4-(2-phenylimidazol-1-yl)benzaldehyde,C16 H11 Cl N2 O,282.724,non-polymer,c1ccc(cc1)c2nccn2c3ccc(c(c3)Cl)C=O,20,A,ligand,drug_like,7BDP_TJB_A301,A,301,19,0,1.426,True,True,,,,,,,,,,,,,,,,excluded_covalent,covalent_at_1.43A_leaving_group_absent_19_of_20_link_record
7BDT,X-RAY DIFFRACTION,1.75,TJ8,2-bromanyl-4-(2-phenylimidazol-1-yl)benzaldehyde,C16 H11 Br N2 O,327.175,non-polymer,c1ccc(cc1)c2nccn2c3ccc(c(c3)Br)C=O,20,A,ligand,drug_like,7BDT_TJ8_A301,A,301,19,0,1.426,True,True,,,,,,,,,,,,,,,,excluded_covalent,covalent_at_1.43A_leaving_group_absent_19_of_20_link_record
7BDY,X-RAY DIFFRACTION,1.801,TJK,2-bromanyl-4-[2-(5-bromanyl-2-fluoranyl-phenyl)imidazol-1-yl]benzaldehyde,C16 H9 Br2 F N2 O,424.062,non-polymer,c1cc(c(cc1n2ccnc2c3cc(ccc3F)Br)Br)C=O,22,A,ligand,drug_like,7BDY_TJK_A301,A,301,21,0,1.498,True,True,,,,,,,,,,,,,,,,excluded_covalent,covalent_at_1.50A_leaving_group_absent_21_of_22_link_record
7BFW,X-RAY DIFFRACTION,1.8,TKH,"[4-[2-[2,4-bis(fluoranyl)phenyl]imidazol-1-yl]-2-bromanyl-phenyl]methanol",C16 H9 Br F2 N2 O,363.156,non-polymer,c1cc(c(cc1n2ccnc2c3ccc(cc3F)F)Br)C=O,22,A,ligand,drug_like,7BFW_TKH_A301,A,301,21,0,1.429,True,True,,,,,,,,,,,,,,,,excluded_covalent,covalent_at_1.43A_leaving_group_absent_21_of_22_link_record
7BG3,X-RAY DIFFRACTION,1.4,TKK,1-(3-bromanyl-4-methyl-phenyl)-2-(2-bromophenyl)imidazole,C16 H10 Br2 N2 O,406.071,non-polymer,c1ccc(c(c1)c2nccn2c3ccc(c(c3)Br)C=O)Br,21,A,ligand,drug_like,7BG3_TKK_A301,A,301,20,0,1.427,True,True,,,,,,,,,,,,,,,,excluded_covalent,covalent_at_1.43A_leaving_group_absent_20_of_21_link_record
7BGQ,X-RAY DIFFRACTION,1.75,TL8,2-methoxy-4-(2-phenylimidazol-1-yl)benzaldehyde,C17 H14 N2 O2,278.305,non-polymer,COc1cc(ccc1C=O)n2ccnc2c3ccccc3,21,A,ligand,drug_like,7BGQ_TL8_A301,A,301,20,0,1.429,True,True,,,,,,,,,,,,,,,,excluded_covalent,covalent_at_1.43A_leaving_group_absent_20_of_21_link_record
7BGR,X-RAY DIFFRACTION,1.8,TQK,2-methyl-4-(2-phenylimidazol-1-yl)benzaldehyde,C17 H14 N2 O,262.306,non-polymer,Cc1cc(ccc1C=O)n2ccnc2c3ccccc3,20,A,ligand,drug_like,7BGR_TQK_A301,A,301,19,0,1.428,True,True,,,,,,,,,,,,,,,,excluded_covalent,covalent_at_1.43A_leaving_group_absent_19_of_20_link_record
7BGV,X-RAY DIFFRACTION,1.683,TLK,3-methoxy-4-(2-phenylimidazol-1-yl)benzaldehyde,C17 H14 N2 O2,278.305,non-polymer,COc1cc(ccc1n2ccnc2c3ccccc3)C=O,21,A,ligand,drug_like,7BGV_TLK_A301,A,301,20,0,1.429,True,True,,,,,,,,,,,,,,,,excluded_covalent,covalent_at_1.43A_leaving_group_absent_20_of_21_link_record
7BGW,X-RAY DIFFRACTION,1.9,TLQ,4-(2-phenylimidazol-1-yl)naphthalene-1-carbaldehyde,C20 H14 N2 O,298.338,non-polymer,c1ccc(cc1)c2nccn2c3ccc(c4c3cccc4)C=O,23,A,ligand,drug_like,7BGW_TLQ_A301,A,301,22,0,1.429,True,True,,,,,,,,,,,,,,,,excluded_covalent,covalent_at_1.43A_leaving_group_absent_22_of_23_link_record
7EFJ,X-RAY DIFFRACTION,1.992,J2C,"8-(2-chloroacetyl)-4-(furan-2-ylmethyl)-1-thia-4,8-diazaspiro[4.5]decan-3-one",C14 H17 Cl N2 O3 S,328.814,non-polymer,c1cc(oc1)CN2C(=O)CSC23CCN(CC3)C(=O)CCl,21,A,ligand,drug_like,7EFJ_J2C_A201,A,201,20,0,1.839,True,True,,,,,,,,,,,,,,,,excluded_covalent,covalent_at_1.84A_leaving_group_absent_20_of_21_link_record
7EFX,X-RAY DIFFRACTION,2.41,J3X,"4-((5-bromofuran-2-yl)methyl)-8-(2-chloroacetyl)-1-thia-4,8-diazaspiro[4.5]decan-3-one",C14 H16 Br Cl N2 O3 S,407.71,non-polymer,c1cc(oc1CN2C(=O)CSC23CCN(CC3)C(=O)CCl)Br,22,A,ligand,drug_like,7EFX_J3X_A201,A,201,21,0,1.628,True,True,,,,,,,,,,,,,,,,excluded_covalent,covalent_at_1.63A_leaving_group_absent_21_of_22_link_record
7EKV,X-RAY DIFFRACTION,1.95,J50,"8-(2-chloroacetyl)-4-((5-phenylfuran-2-yl)methyl)-1-thia-4,8-diazaspiro[4.5]decan-3-one",C20 H21 Cl N2 O3 S,404.91,non-polymer,c1ccc(cc1)c2ccc(o2)CN3C(=O)CSC34CCN(CC4)C(=O)CCl,27,A,ligand,drug_like,7EKV_J50_A201,A,201,26,0,1.698,True,True,,,,,,,,,,,,,,,,excluded_covalent,covalent_at_1.70A_leaving_group_absent_26_of_27_link_record
7F0M,X-RAY DIFFRACTION,1.9,0BF,"8-(2-chloranylethanoyl)-4-[(5-naphthalen-1-ylfuran-2-yl)methyl]-1-thia-4,8-diazaspiro[4.5]decan-3-one",C24 H23 Cl N2 O3 S,454.969,non-polymer,c1ccc2c(c1)cccc2c3ccc(o3)CN4C(=O)CSC45CCN(CC5)C(=O)CCl,31,"A,B,C,D",ligand,drug_like,7F0M_0BF_A201,A,201,30,0,1.811,True,True,,,,,,,,,,,,,,,,excluded_covalent,covalent_at_1.81A_leaving_group_absent_30_of_31_link_record
7NIF,X-RAY DIFFRACTION,1.71,P5N,1-(4-methylphenyl)imidazole,C10 H8 N2 O,172.183,non-polymer,c1cc(ccc1C=O)n2ccnc2,13,A,ligand,drug_like,7NIF_P5N_A301,A,301,12,0,1.43,True,True,,,,,,,,,,,,,,,,excluded_covalent,covalent_at_1.43A_leaving_group_absent_12_of_13_link_record
7NIG,X-RAY DIFFRACTION,1.9,UFH,2-bromanyl-4-imidazol-1-yl-benzaldehyde,C10 H7 Br N2 O,251.079,non-polymer,c1cc(c(cc1n2ccnc2)Br)C=O,14,A,ligand,drug_like,7NIG_UFH_A301,A,301,13,0,1.429,True,True,,,,,,,,,,,,,,,,excluded_covalent,covalent_at_1.43A_leaving_group_absent_13_of_14_link_record
7NJ6,X-RAY DIFFRACTION,1.59,UG5,4-[4-(trifluoromethyl)imidazol-1-yl]benzaldehyde,C11 H7 F3 N2 O,240.181,non-polymer,c1cc(ccc1C=O)n2cc(nc2)C(F)(F)F,17,A,ligand,drug_like,7NJ6_UG5_A301,A,301,16,0,1.43,True,True,,,,,,,,,,,,,,,,excluded_covalent,covalent_at_1.43A_leaving_group_absent_16_of_17_link_record
7NJ8,X-RAY DIFFRACTION,1.8,JFS,[4-(1H-benzimidazol-1-yl)phenyl]methanol,C14 H12 N2 O,224.258,non-polymer,c1ccc2c(c1)ncn2c3ccc(cc3)CO,17,A,ligand,drug_like,7NJ8_JFS_A301,A,301,16,0,1.424,True,True,,,,,,,,,,,,,,,,excluded_covalent,covalent_at_1.42A_leaving_group_absent_16_of_17_link_record
7NJA,X-RAY DIFFRACTION,1.75,UG2,[4-(2-phenylimidazol-1-yl)phenyl]methanol,C16 H14 N2 O,250.295,non-polymer,c1ccc(cc1)c2nccn2c3ccc(cc3)CO,19,A,ligand,drug_like,7NJA_UG2_A301,A,301,18,0,1.428,True,True,,,,,,,,,,,,,,,,excluded_covalent,covalent_at_1.43A_leaving_group_absent_18_of_19_link_record
7NRK,X-RAY DIFFRACTION,1.75,UPQ,4-(4-methylimidazol-1-yl)benzaldehyde,C11 H10 N2 O,186.21,non-polymer,Cc1cn(cn1)c2ccc(cc2)C=O,14,A,ligand,drug_like,7NRK_UPQ_A301,A,301,13,0,1.429,True,True,,,,,,,,,,,,,,,,excluded_covalent,covalent_at_1.43A_leaving_group_absent_13_of_14_link_record
7NRL,X-RAY DIFFRACTION,1.8,UPK,2-(hydroxymethyl)-5-(2-phenylimidazol-1-yl)phenol,C16 H12 N2 O2,264.279,non-polymer,c1ccc(cc1)c2nccn2c3ccc(c(c3)O)C=O,20,A,ligand,drug_like,7NRL_UPK_A301,A,301,19,0,1.426,True,True,,,,,,,,,,,,,,,,excluded_covalent,covalent_at_1.43A_leaving_group_absent_19_of_20_link_record
7OQ9,X-RAY DIFFRACTION,1.8,0AW,"~{N}-[(5-carbamimidoyl-3-phenyl-thiophen-2-yl)methyl]-2,3-dihydro-1-benzofuran-5-carboxamide",C21 H19 N3 O2 S,377.459,non-polymer,[H]/N=C(/c1cc(c(s1)CNC(=O)c2ccc3c(c2)CCO3)c4ccccc4)\N,27,A,ligand,drug_like,7OQ9_0AW_A301,A,301,27,0,3.232,False,False,1837.0,327.0,138.0,17.0,/data/lab_vm/append_only/inhibition/05_redock_benchmark/cases_1/receptors/7OQ9/receptor.pdbqt,/data/lab_vm/append_only/inhibition/05_redock_benchmark/cases_1/refs/7OQ9_0AW_A301_ref.pdb,/data/lab_vm/append_only/inhibition/05_redock_benchmark/cases_1/boxes/7OQ9_0AW_A301.json,A,,,,,,,,drop,not_pin1_ppiase_domain: only 4 matched PPIase CA residues (need 40)
7OQA,X-RAY DIFFRACTION,1.8,09W,"~{N}-[(5-carbamimidoyl-3-phenyl-thiophen-2-yl)methyl]-2,3-dihydro-1-benzofuran-7-carboxamide",C21 H19 N3 O2 S,377.459,non-polymer,[H]/N=C(/c1cc(c(s1)CNC(=O)c2cccc3c2OCC3)c4ccccc4)\N,27,A,ligand,drug_like,7OQA_09W_A301,A,301,27,0,3.201,False,False,1818.0,331.0,92.0,17.0,/data/lab_vm/append_only/inhibition/05_redock_benchmark/cases_1/receptors/7OQA/receptor.pdbqt,/data/lab_vm/append_only/inhibition/05_redock_benchmark/cases_1/refs/7OQA_09W_A301_ref.pdb,/data/lab_vm/append_only/inhibition/05_redock_benchmark/cases_1/boxes/7OQA_09W_A301.json,A,,,,,,,,drop,not_pin1_ppiase_domain: only 4 matched PPIase CA residues (need 40)
8C2G,X-RAY DIFFRACTION,1.6,T85,2-iodanyl-4-(2-phenylimidazol-1-yl)benzaldehyde,C16 H11 I N2 O,374.176,non-polymer,c1ccc(cc1)c2nccn2c3ccc(c(c3)I)C=O,20,A,ligand,drug_like,8C2G_T85_A301,A,301,19,0,1.381,True,True,,,,,,,,,,,,,,,,excluded_covalent,covalent_at_1.38A_leaving_group_absent_19_of_20_link_record
8C3C,X-RAY DIFFRACTION,1.6,FSC,FUSICOCCIN,C36 H56 O12,680.823,non-polymer,C[C@@H]1[C@@H]\2CC[C@@H](/C2=C/[C@]3([C@H](CC(=C3[C@H]([C@@H]1O)O[C@@H]4[C@@H]([C@H]([C@@H]([C@H](O4)COC(C)(C)C=C)O)OC(=O)C)O)[C@H](C)COC(=O)C)O)C)COC,48,A,ligand,drug_like,8C3C_FSC_A301,A,301,48,0,2.673,False,False,1839.0,214.0,48.0,25.0,/data/lab_vm/append_only/inhibition/05_redock_benchmark/cases_1/receptors/8C3C/receptor.pdbqt,/data/lab_vm/append_only/inhibition/05_redock_benchmark/cases_1/refs/8C3C_FSC_A301_ref.pdb,/data/lab_vm/append_only/inhibition/05_redock_benchmark/cases_1/boxes/8C3C_FSC_A301.json,A,,,,,,,,drop,not_pin1_ppiase_domain: only 5 matched PPIase CA residues (need 40)
8VJG,X-RAY DIFFRACTION,1.58,A1ACH,"Nalpha-{(2S)-1-[(3S)-2-acetyl-2,3,4,9-tetrahydro-1H-pyrido[3,4-b]indole-3-carbonyl]piperidine-2-carbonyl}-5-fluoro-L-tryptophanamide",C31 H33 F N6 O4,572.63,non-polymer,CC(=O)N1Cc2c(c3ccccc3[nH]2)C[C@H]1C(=O)N4CCCC[C@H]4C(=O)N[C@@H](Cc5c[nH]c6c5cc(cc6)F)C(=O)N,42,A,ligand,drug_like,8VJG_A1ACH_A201,A,201,42,0,1.757,False,True,,,,,,,,,,,,,,,,excluded_covalent,covalent_at_1.76A
8VZ3,X-RAY DIFFRACTION,1.65,A1AEL,3-(fluorosulfonyl)-5-({[(1S)-2-oxocyclopentyl]methyl}carbamoyl)benzoic acid,C14 H14 F N O6 S,343.327,non-polymer,c1c(cc(cc1C(=O)O)S(=O)(=O)F)C(=O)NC[C@@H]2CCCC2=O,23,A,ligand,drug_like,8VZ3_A1AEL_A901,A,901,22,0,1.625,False,True,,,,,,,,,,,,,,,,excluded_covalent,covalent_at_1.63A_leaving_group_absent_22_of_23
8VZ5,X-RAY DIFFRACTION,1.95,A1AEM,4-[fluoro(dihydroxy)-lambda~4~-sulfanyl]benzoic acid,C7 H5 F O4 S,204.176,non-polymer,c1cc(ccc1C(=O)O)S(=O)(=O)F,13,A,ligand,drug_like,8VZ5_A1AEM_A901,A,901,12,0,1.608,False,True,,,,,,,,,,,,,,,,excluded_covalent,covalent_at_1.61A_leaving_group_absent_12_of_13
8W11,X-RAY DIFFRACTION,2.2,A1AET,3-(fluorosulfonyl)-5-[(2-oxo-2H-1-benzopyran-3-yl)carbamoyl]benzoic acid,C17 H10 F N O7 S,391.327,non-polymer,c1ccc2c(c1)C=C(C(=O)O2)NC(=O)c3cc(cc(c3)S(=O)(=O)F)C(=O)O,27,"A,B",ligand,drug_like,8W11_A1AET_A501,A,501,26,0,1.916,False,True,,,,,,,,,,,,,,,,excluded_covalent,covalent_at_1.92A_leaving_group_absent_26_of_27
9INN,X-RAY DIFFRACTION,2.08,A1D9T,"methyl (~{E})-4-[[(3~{R})-1,1-bis(oxidanylidene)thiolan-3-yl]amino]-4-oxidanylidene-but-2-enoate",C9 H13 N O5 S,247.268,non-polymer,COC(=O)/C=C/C(=O)N[C@@H]1CCS(=O)(=O)C1,16,"A,B",ligand,drug_like,9INN_A1D9T_A201,A,201,16,0,1.82,False,True,,,,,,,,,,,,,,,,excluded_covalent,covalent_at_1.82A
9INO,X-RAY DIFFRACTION,2.13,A1D9U,"2-methylpropyl (~{E})-4-[[(3~{R})-1,1-bis(oxidanylidene)thiolan-3-yl]amino]-4-oxidanylidene-but-2-enoate",C12 H19 N O5 S,289.348,non-polymer,CC(C)COC(=O)/C=C/C(=O)N[C@@H]1CCS(=O)(=O)C1,19,"A,B",ligand,drug_like,9INO_A1D9U_A201,A,201,19,0,1.821,False,True,,,,,,,,,,,,,,,,excluded_covalent,covalent_at_1.82A
9INP,X-RAY DIFFRACTION,2.57,A1D9X,"~{N}-[(3~{R})-1,1-bis(oxidanylidene)thiolan-3-yl]-2-chloranyl-~{N}-(2,2-dimethylpropyl)-5-nitro-pyrimidin-4-amine",C13 H19 Cl N4 O4 S,362.832,non-polymer,CC(C)(C)CN(c1c(cnc(n1)Cl)[N+](=O)[O-])[C@@H]2CCS(=O)(=O)C2,23,"A,B",ligand,drug_like,9INP_A1D9X_A201,A,201,22,0,1.762,False,True,,,,,,,,,,,,,,,,excluded_covalent,covalent_at_1.76A_leaving_group_absent_22_of_23
9INQ,X-RAY DIFFRACTION,2.17,A1D9W,"~{N}-[(3~{R})-1,1-bis(oxidanylidene)thiolan-3-yl]-2-chloranyl-5-nitro-pyrimidin-4-amine",C8 H9 Cl N4 O4 S,292.699,non-polymer,c1c(c(nc(n1)Cl)N[C@@H]2CCS(=O)(=O)C2)[N+](=O)[O-],18,"A,B",ligand,drug_like,9INQ_A1D9W_A201,A,201,17,0,1.722,False,True,,,,,,,,,,,,,,,,excluded_covalent,covalent_at_1.72A_leaving_group_absent_17_of_18
9INR,X-RAY DIFFRACTION,1.93,A1D9K,"~{N}-[(2~{S})-3-[1-[4-(4-cyanophenyl)phenyl]-1,2,3-triazol-4-yl]-1-[(3-oxidanylcyclobutyl)amino]-1-oxidanylidene-propan-2-yl]-1-phenyl-cyclopropane-1-carboxamid",C32 H30 N6 O3,546.619,non-polymer,c1ccc(cc1)C2(CC2)C(=O)N[C@@H](Cc3cn(nn3)c4ccc(cc4)c5ccc(cc5)C#N)C(=O)NC6CC(C6)O,41,"A,B",ligand,drug_like,9INR_A1D9K_A201,A,201,41,0,2.833,False,False,2329.0,160.0,140.0,41.0,/data/lab_vm/append_only/inhibition/05_redock_benchmark/cases_1/receptors/9INR/receptor.pdbqt,/data/lab_vm/append_only/inhibition/05_redock_benchmark/cases_1/refs/9INR_A1D9K_A201_ref.pdb,/data/lab_vm/append_only/inhibition/05_redock_benchmark/cases_1/boxes/9INR_A1D9K_A201.json,A,/data/lab_vm/append_only/inhibition/05_redock_benchmark/cases_1/refs_6vaj/9INR_A1D9K_A201_ref6vaj.pdb,0.363,111.0,True,1.0,2.56,True,case,
9JF6,X-RAY DIFFRACTION,2.96,A1EBR,"methyl (~{Z})-4-[1-benzothiophen-2-ylmethyl-[(3~{S})-1,1-bis(oxidanylidene)thiolan-3-yl]amino]-4-oxidanylidene-but-2-enoate",C18 H19 N O5 S2,393.477,non-polymer,COC(=O)/C=C\C(=O)N(Cc1cc2ccccc2s1)[C@H]3CCS(=O)(=O)C3,26,A,ligand,drug_like,9JF6_A1EBR_A200,A,200,26,0,1.769,False,True,,,,,,,,,,,,,,,,excluded_covalent,covalent_at_1.77A
9JFH,X-RAY DIFFRACTION,2.56,A1EBS,"methyl (~{Z})-4-[[4,4-bis(fluoranyl)cyclohexyl]amino]-4-oxidanylidene-but-2-enoate",C11 H15 F2 N O3,247.239,non-polymer,COC(=O)/C=C\C(=O)NC1CCC(CC1)(F)F,17,"A,B",ligand,drug_like,9JFH_A1EBS_A201,A,201,17,0,1.77,False,True,,,,,,,,,,,,,,,,excluded_covalent,covalent_at_1.77A
9JJS,X-RAY DIFFRACTION,1.52,A1D9T,"methyl (~{E})-4-[[(3~{R})-1,1-bis(oxidanylidene)thiolan-3-yl]amino]-4-oxidanylidene-but-2-enoate",C9 H13 N O5 S,247.268,non-polymer,COC(=O)/C=C/C(=O)N[C@@H]1CCS(=O)(=O)C1,16,"A,B",ligand,drug_like,9JJS_A1D9T_A200,A,200,16,0,1.833,False,True,,,,,,,,,,,,,,,,excluded_covalent,covalent_at_1.83A
9JJZ,X-RAY DIFFRACTION,1.61,A1ECA,"methyl 4-[[(3~{S})-1,1-bis(oxidanylidene)thiolan-3-yl]-(2,2-dimethylpropyl)amino]-4-oxidanylidene-but-2-enoate",C14 H23 N O5 S,317.401,non-polymer,CC(C)(C)CN([C@H]1CCS(=O)(=O)C1)C(=O)C=CC(=O)OC,21,"A,B",ligand,drug_like,9JJZ_A1ECA_A200,A,200,21,0,1.834,False,True,,,,,,,,,,,,,,,,excluded_covalent,covalent_at_1.83A
9JYO,X-RAY DIFFRACTION,1.6,A1EDY,2-(4-aminophenyl)ethanoic acid,C8 H9 N O2,151.163,non-polymer,c1cc(ccc1CC(=O)O)N,11,A,ligand,drug_like,9JYO_A1EDY_A301,A,301,11,0,2.625,False,False,1189.0,174.0,11.0,25.0,/data/lab_vm/append_only/inhibition/05_redock_benchmark/cases_1/receptors/9JYO/receptor.pdbqt,/data/lab_vm/append_only/inhibition/05_redock_benchmark/cases_1/refs/9JYO_A1EDY_A301_ref.pdb,/data/lab_vm/append_only/inhibition/05_redock_benchmark/cases_1/boxes/9JYO_A1EDY_A301.json,A,/data/lab_vm/append_only/inhibition/05_redock_benchmark/cases_1/refs_6vaj/9JYO_A1EDY_A301_ref6vaj.pdb,0.4,111.0,True,1.0,1.38,True,case,
9JYP,X-RAY DIFFRACTION,1.6,A1EDZ,4-oxidanylidene-4-thiophen-2-yl-butanoic acid,C8 H8 O3 S,184.212,non-polymer,c1cc(sc1)C(=O)CCC(=O)O,12,A,ligand,drug_like,9JYP_A1EDZ_A301,A,301,12,0,2.589,False,False,1186.0,206.0,12.0,22.0,/data/lab_vm/append_only/inhibition/05_redock_benchmark/cases_1/receptors/9JYP/receptor.pdbqt,/data/lab_vm/append_only/inhibition/05_redock_benchmark/cases_1/refs/9JYP_A1EDZ_A301_ref.pdb,/data/lab_vm/append_only/inhibition/05_redock_benchmark/cases_1/boxes/9JYP_A1EDZ_A301.json,A,/data/lab_vm/append_only/inhibition/05_redock_benchmark/cases_1/refs_6vaj/9JYP_A1EDZ_A301_ref6vaj.pdb,0.384,111.0,True,1.0,2.97,True,case,
9JYR,X-RAY DIFFRACTION,1.65,A1ED0,1H-indol-4-ylmethanol,C9 H9 N O,147.174,non-polymer,c1cc(c2cc[nH]c2c1)CO,11,A,ligand,fragment,9JYR_A1ED0_A301,A,301,11,0,2.842,False,False,1189.0,145.0,22.0,25.0,/data/lab_vm/append_only/inhibition/05_redock_benchmark/cases_1/receptors/9JYR/receptor.pdbqt,/data/lab_vm/append_only/inhibition/05_redock_benchmark/cases_1/refs/9JYR_A1ED0_A301_ref.pdb,/data/lab_vm/append_only/inhibition/05_redock_benchmark/cases_1/boxes/9JYR_A1ED0_A301.json,A,/data/lab_vm/append_only/inhibition/05_redock_benchmark/cases_1/refs_6vaj/9JYR_A1ED0_A301_ref6vaj.pdb,0.348,111.0,True,1.0,1.45,True,case,
9JYS,X-RAY DIFFRACTION,1.75,A1ED1,"4-(aminomethyl)-N,N-dimethyl-aniline",C9 H14 N2,150.221,non-polymer,CN(C)c1ccc(cc1)CN,11,A,ligand,drug_like,9JYS_A1ED1_A301,A,301,11,0,3.137,False,False,1189.0,138.0,11.0,25.0,/data/lab_vm/append_only/inhibition/05_redock_benchmark/cases_1/receptors/9JYS/receptor.pdbqt,/data/lab_vm/append_only/inhibition/05_redock_benchmark/cases_1/refs/9JYS_A1ED1_A301_ref.pdb,/data/lab_vm/append_only/inhibition/05_redock_benchmark/cases_1/boxes/9JYS_A1ED1_A301.json,A,/data/lab_vm/append_only/inhibition/05_redock_benchmark/cases_1/refs_6vaj/9JYS_A1ED1_A301_ref6vaj.pdb,0.375,111.0,True,1.0,1.12,True,case,
9JYT,X-RAY DIFFRACTION,1.85,A1EDX,Idramantone,C10 H14 O2,166.217,non-polymer,C1[C@@H]2CC3(C[C@@H](C2=O)CC1C3)O,12,A,ligand,drug_like,9JYT_A1EDX_A202,A,202,12,12,2.951,False,False,1180.0,146.0,24.0,25.0,/data/lab_vm/append_only/inhibition/05_redock_benchmark/cases_1/receptors/9JYT/receptor.pdbqt,/data/lab_vm/append_only/inhibition/05_redock_benchmark/cases_1/refs/9JYT_A1EDX_A202_ref.pdb,/data/lab_vm/append_only/inhibition/05_redock_benchmark/cases_1/boxes/9JYT_A1EDX_A202.json,A,/data/lab_vm/append_only/inhibition/05_redock_benchmark/cases_1/refs_6vaj/9JYT_A1EDX_A202_ref6vaj.pdb,0.365,111.0,True,1.0,1.34,True,case,
9JYV,X-RAY DIFFRACTION,1.8,A1ED2,1-methylpyridin-2-one,C6 H7 N O,109.126,non-polymer,CN1C=CC=CC1=O,8,A,ligand,fragment,9JYV_A1ED2_A202,A,202,8,0,2.943,False,False,1189.0,126.0,16.0,25.0,/data/lab_vm/append_only/inhibition/05_redock_benchmark/cases_1/receptors/9JYV/receptor.pdbqt,/data/lab_vm/append_only/inhibition/05_redock_benchmark/cases_1/refs/9JYV_A1ED2_A202_ref.pdb,/data/lab_vm/append_only/inhibition/05_redock_benchmark/cases_1/boxes/9JYV_A1ED2_A202.json,A,/data/lab_vm/append_only/inhibition/05_redock_benchmark/cases_1/refs_6vaj/9JYV_A1ED2_A202_ref6vaj.pdb,0.377,111.0,True,1.0,2.4,True,case,
9JZ2,X-RAY DIFFRACTION,1.55,A1ED3,N-(5-azanyl-2-methyl-phenyl)ethanamide,C9 H12 N2 O,164.204,non-polymer,Cc1ccc(cc1NC(=O)C)N,12,A,ligand,drug_like,9JZ2_A1ED3_A301,A,301,12,0,2.789,False,False,1189.0,188.0,48.0,25.0,/data/lab_vm/append_only/inhibition/05_redock_benchmark/cases_1/receptors/9JZ2/receptor.pdbqt,/data/lab_vm/append_only/inhibition/05_redock_benchmark/cases_1/refs/9JZ2_A1ED3_A301_ref.pdb,/data/lab_vm/append_only/inhibition/05_redock_benchmark/cases_1/boxes/9JZ2_A1ED3_A301.json,A,/data/lab_vm/append_only/inhibition/05_redock_benchmark/cases_1/refs_6vaj/9JZ2_A1ED3_A301_ref6vaj.pdb,0.381,111.0,True,1.0,8.2,True,case,
9JZ3,X-RAY DIFFRACTION,1.98,A1ED4,3H-benzimidazol-5-ylmethanol,C8 H8 N2 O,148.162,non-polymer,c1cc2c(cc1CO)[nH]cn2,11,A,ligand,fragment,9JZ3_A1ED4_A301,A,301,11,0,2.606,False,False,1189.0,94.0,11.0,25.0,/data/lab_vm/append_only/inhibition/05_redock_benchmark/cases_1/receptors/9JZ3/receptor.pdbqt,/data/lab_vm/append_only/inhibition/05_redock_benchmark/cases_1/refs/9JZ3_A1ED4_A301_ref.pdb,/data/lab_vm/append_only/inhibition/05_redock_benchmark/cases_1/boxes/9JZ3_A1ED4_A301.json,A,/data/lab_vm/append_only/inhibition/05_redock_benchmark/cases_1/refs_6vaj/9JZ3_A1ED4_A301_ref6vaj.pdb,0.349,111.0,True,1.0,1.5,True,case,
9JZ4,X-RAY DIFFRACTION,1.82,A1ED5,"1,3-dihydro-2-benzofuran-5-amine",C8 H9 N O,135.163,non-polymer,c1cc2c(cc1N)COC2,10,A,ligand,fragment,9JZ4_A1ED5_A301,A,301,10,0,3.12,False,False,1188.0,121.0,10.0,24.0,/data/lab_vm/append_only/inhibition/05_redock_benchmark/cases_1/receptors/9JZ4/receptor.pdbqt,/data/lab_vm/append_only/inhibition/05_redock_benchmark/cases_1/refs/9JZ4_A1ED5_A301_ref.pdb,/data/lab_vm/append_only/inhibition/05_redock_benchmark/cases_1/boxes/9JZ4_A1ED5_A301.json,A,/data/lab_vm/append_only/inhibition/05_redock_benchmark/cases_1/refs_6vaj/9JZ4_A1ED5_A301_ref6vaj.pdb,0.378,111.0,True,1.0,1.85,True,case,
9JZ6,X-RAY DIFFRACTION,1.65,A1ED7,"1,3,4-thiadiazol-2-amine",C2 H3 N3 S,101.13,non-polymer,c1nnc(s1)N,6,A,ligand,fragment,9JZ6_A1ED7_A301,A,301,6,0,2.886,False,False,1189.0,111.0,6.0,25.0,/data/lab_vm/append_only/inhibition/05_redock_benchmark/cases_1/receptors/9JZ6/receptor.pdbqt,/data/lab_vm/append_only/inhibition/05_redock_benchmark/cases_1/refs/9JZ6_A1ED7_A301_ref.pdb,/data/lab_vm/append_only/inhibition/05_redock_benchmark/cases_1/boxes/9JZ6_A1ED7_A301.json,A,/data/lab_vm/append_only/inhibition/05_redock_benchmark/cases_1/refs_6vaj/9JZ6_A1ED7_A301_ref6vaj.pdb,0.345,111.0,True,1.0,2.7,True,case,
9JZG,X-RAY DIFFRACTION,1.76,A1ED8,2-(4-hydroxyphenyl)ethanamide,C8 H9 N O2,151.163,non-polymer,c1cc(ccc1CC(=O)N)O,11,A,ligand,drug_like,9JZG_A1ED8_A301,A,301,11,0,2.493,False,False,1189.0,144.0,11.0,25.0,/data/lab_vm/append_only/inhibition/05_redock_benchmark/cases_1/receptors/9JZG/receptor.pdbqt,/data/lab_vm/append_only/inhibition/05_redock_benchmark/cases_1/refs/9JZG_A1ED8_A301_ref.pdb,/data/lab_vm/append_only/inhibition/05_redock_benchmark/cases_1/boxes/9JZG_A1ED8_A301.json,A,/data/lab_vm/append_only/inhibition/05_redock_benchmark/cases_1/refs_6vaj/9JZG_A1ED8_A301_ref6vaj.pdb,0.349,111.0,True,1.0,1.36,True,case,
9JZS,X-RAY DIFFRACTION,1.91,A1AT6,"(2S)-2,3-dihydro-1H-indole-2-carboxylic acid",C9 H9 N O2,163.173,L-peptide linking,c1ccc2c(c1)C[C@H](N2)C(=O)O,12,A,ligand,drug_like,9JZS_A1AT6_A301,A,301,12,0,2.528,False,False,1189.0,108.0,12.0,25.0,/data/lab_vm/append_only/inhibition/05_redock_benchmark/cases_1/receptors/9JZS/receptor.pdbqt,/data/lab_vm/append_only/inhibition/05_redock_benchmark/cases_1/refs/9JZS_A1AT6_A301_ref.pdb,/data/lab_vm/append_only/inhibition/05_redock_benchmark/cases_1/boxes/9JZS_A1AT6_A301.json,A,/data/lab_vm/append_only/inhibition/05_redock_benchmark/cases_1/refs_6vaj/9JZS_A1AT6_A301_ref6vaj.pdb,0.375,111.0,True,1.0,1.84,True,case,
9JZU,X-RAY DIFFRACTION,1.68,A1ED9,1-(1H-pyrrol-3-yl)ethanone,C6 H7 N O,109.126,non-polymer,CC(=O)c1cc[nH]c1,8,A,ligand,fragment,9JZU_A1ED9_A301,A,301,8,0,3.0,False,False,1189.0,133.0,24.0,25.0,/data/lab_vm/append_only/inhibition/05_redock_benchmark/cases_1/receptors/9JZU/receptor.pdbqt,/data/lab_vm/append_only/inhibition/05_redock_benchmark/cases_1/refs/9JZU_A1ED9_A301_ref.pdb,/data/lab_vm/append_only/inhibition/05_redock_benchmark/cases_1/boxes/9JZU_A1ED9_A301.json,A,/data/lab_vm/append_only/inhibition/05_redock_benchmark/cases_1/refs_6vaj/9JZU_A1ED9_A301_ref6vaj.pdb,0.362,111.0,True,1.0,1.93,True,case,
9JZV,X-RAY DIFFRACTION,1.9,A1EEA,"1,3-dimethylimidazolidin-2-one",C5 H10 N2 O,114.146,non-polymer,CN1CCN(C1=O)C,8,A,ligand,fragment,9JZV_A1EEA_A202,A,202,8,0,3.08,False,False,1189.0,96.0,8.0,25.0,/data/lab_vm/append_only/inhibition/05_redock_benchmark/cases_1/receptors/9JZV/receptor.pdbqt,/data/lab_vm/append_only/inhibition/05_redock_benchmark/cases_1/refs/9JZV_A1EEA_A202_ref.pdb,/data/lab_vm/append_only/inhibition/05_redock_benchmark/cases_1/boxes/9JZV_A1EEA_A202.json,A,/data/lab_vm/append_only/inhibition/05_redock_benchmark/cases_1/refs_6vaj/9JZV_A1EEA_A202_ref6vaj.pdb,0.499,111.0,True,1.0,2.65,True,case,
9KE5,X-RAY DIFFRACTION,2.05,A1EE3,"4-prop-2-ynyl-1,4-thiazinane 1,1-dioxide",C7 H11 N O2 S,173.233,non-polymer,C#CCN1CCS(=O)(=O)CC1,11,A,ligand,drug_like,9KE5_A1EE3_A202,A,202,11,0,2.66,False,False,1189.0,93.0,11.0,25.0,/data/lab_vm/append_only/inhibition/05_redock_benchmark/cases_1/receptors/9KE5/receptor.pdbqt,/data/lab_vm/append_only/inhibition/05_redock_benchmark/cases_1/refs/9KE5_A1EE3_A202_ref.pdb,/data/lab_vm/append_only/inhibition/05_redock_benchmark/cases_1/boxes/9KE5_A1EE3_A202.json,A,/data/lab_vm/append_only/inhibition/05_redock_benchmark/cases_1/refs_6vaj/9KE5_A1EE3_A202_ref6vaj.pdb,0.38,111.0,True,1.0,1.62,True,case,
9KE7,X-RAY DIFFRACTION,1.68,A1EE7,N-ethyl-4-fluoranyl-benzenesulfonamide,C8 H10 F N O2 S,203.234,non-polymer,CCNS(=O)(=O)c1ccc(cc1)F,13,A,ligand,drug_like,9KE7_A1EE7_A301,A,301,13,0,3.211,False,False,1180.0,155.0,13.0,25.0,/data/lab_vm/append_only/inhibition/05_redock_benchmark/cases_1/receptors/9KE7/receptor.pdbqt,/data/lab_vm/append_only/inhibition/05_redock_benchmark/cases_1/refs/9KE7_A1EE7_A301_ref.pdb,/data/lab_vm/append_only/inhibition/05_redock_benchmark/cases_1/boxes/9KE7_A1EE7_A301.json,A,/data/lab_vm/append_only/inhibition/05_redock_benchmark/cases_1/refs_6vaj/9KE7_A1EE7_A301_ref6vaj.pdb,0.354,111.0,True,1.0,8.21,True,case,
9KE9,X-RAY DIFFRACTION,2.25,A1BDV,"(2H-1,3-benzodioxol-5-yl)methanol",C8 H8 O3,152.147,non-polymer,c1cc2c(cc1CO)OCO2,11,A,ligand,drug_like,9KE9_A1BDV_A201,A,201,11,0,2.431,False,False,1189.0,67.0,22.0,25.0,/data/lab_vm/append_only/inhibition/05_redock_benchmark/cases_1/receptors/9KE9/receptor.pdbqt,/data/lab_vm/append_only/inhibition/05_redock_benchmark/cases_1/refs/9KE9_A1BDV_A201_ref.pdb,/data/lab_vm/append_only/inhibition/05_redock_benchmark/cases_1/boxes/9KE9_A1BDV_A201.json,A,/data/lab_vm/append_only/inhibition/05_redock_benchmark/cases_1/refs_6vaj/9KE9_A1BDV_A201_ref6vaj.pdb,0.381,111.0,True,1.0,1.55,True,case,
9KEB,X-RAY DIFFRACTION,1.65,A1EE8,"[2-(4-methyl-1,4-diazepan-1-yl)phenyl]methanol",C13 H20 N2 O,220.311,non-polymer,CN1CCCN(CC1)c2ccccc2CO,16,A,ligand,drug_like,9KEB_A1EE8_A301,A,301,16,0,2.774,False,False,1180.0,175.0,16.0,25.0,/data/lab_vm/append_only/inhibition/05_redock_benchmark/cases_1/receptors/9KEB/receptor.pdbqt,/data/lab_vm/append_only/inhibition/05_redock_benchmark/cases_1/refs/9KEB_A1EE8_A301_ref.pdb,/data/lab_vm/append_only/inhibition/05_redock_benchmark/cases_1/boxes/9KEB_A1EE8_A301.json,A,/data/lab_vm/append_only/inhibition/05_redock_benchmark/cases_1/refs_6vaj/9KEB_A1EE8_A301_ref6vaj.pdb,0.376,111.0,True,1.0,7.03,True,case,
9KEC,X-RAY DIFFRACTION,1.68,A1EE6,N-[(4-fluorophenyl)methyl]-4-oxidanyl-butanamide,C11 H14 F N O2,211.233,non-polymer,c1cc(ccc1CNC(=O)CCCO)F,15,A,ligand,drug_like,9KEC_A1EE6_A202,A,202,15,0,2.506,False,False,1179.0,164.0,15.0,25.0,/data/lab_vm/append_only/inhibition/05_redock_benchmark/cases_1/receptors/9KEC/receptor.pdbqt,/data/lab_vm/append_only/inhibition/05_redock_benchmark/cases_1/refs/9KEC_A1EE6_A202_ref.pdb,/data/lab_vm/append_only/inhibition/05_redock_benchmark/cases_1/boxes/9KEC_A1EE6_A202.json,A,/data/lab_vm/append_only/inhibition/05_redock_benchmark/cases_1/refs_6vaj/9KEC_A1EE6_A202_ref6vaj.pdb,0.378,111.0,True,1.0,9.26,True,case,
9KEL,X-RAY DIFFRACTION,1.96,A1EFA,6-Quinolinylmethanol,C10 H9 N O,159.185,non-polymer,c1cc2cc(ccc2nc1)CO,12,A,ligand,drug_like,9KEL_A1EFA_A202,A,202,12,0,3.342,False,False,1180.0,108.0,12.0,25.0,/data/lab_vm/append_only/inhibition/05_redock_benchmark/cases_1/receptors/9KEL/receptor.pdbqt,/data/lab_vm/append_only/inhibition/05_redock_benchmark/cases_1/refs/9KEL_A1EFA_A202_ref.pdb,/data/lab_vm/append_only/inhibition/05_redock_benchmark/cases_1/boxes/9KEL_A1EFA_A202.json,A,/data/lab_vm/append_only/inhibition/05_redock_benchmark/cases_1/refs_6vaj/9KEL_A1EFA_A202_ref6vaj.pdb,0.379,111.0,True,1.0,7.81,True,case,
9KEQ,X-RAY DIFFRACTION,1.53,A1EFB,3-(4-methylpiperazin-1-yl)aniline,C11 H17 N3,191.273,non-polymer,CN1CCN(CC1)c2cccc(c2)N,14,A,ligand,drug_like,9KEQ_A1EFB_A201,A,201,14,0,2.846,False,False,1189.0,188.0,14.0,25.0,/data/lab_vm/append_only/inhibition/05_redock_benchmark/cases_1/receptors/9KEQ/receptor.pdbqt,/data/lab_vm/append_only/inhibition/05_redock_benchmark/cases_1/refs/9KEQ_A1EFB_A201_ref.pdb,/data/lab_vm/append_only/inhibition/05_redock_benchmark/cases_1/boxes/9KEQ_A1EFB_A201.json,A,/data/lab_vm/append_only/inhibition/05_redock_benchmark/cases_1/refs_6vaj/9KEQ_A1EFB_A201_ref6vaj.pdb,0.398,111.0,True,1.0,7.45,True,case,
9KES,X-RAY DIFFRACTION,1.62,A1EFC,(3-pyrimidin-5-ylphenyl)methanol,C11 H10 N2 O,186.21,non-polymer,c1cc(cc(c1)c2cncnc2)CO,14,A,ligand,drug_like,9KES_A1EFC_A201,A,201,14,0,4.863,False,False,1189.0,138.0,28.0,25.0,/data/lab_vm/append_only/inhibition/05_redock_benchmark/cases_1/receptors/9KES/receptor.pdbqt,/data/lab_vm/append_only/inhibition/05_redock_benchmark/cases_1/refs/9KES_A1EFC_A201_ref.pdb,/data/lab_vm/append_only/inhibition/05_redock_benchmark/cases_1/boxes/9KES_A1EFC_A201.json,A,/data/lab_vm/append_only/inhibition/05_redock_benchmark/cases_1/refs_6vaj/9KES_A1EFC_A201_ref6vaj.pdb,0.371,111.0,True,1.0,8.64,True,case,
9KEW,X-RAY DIFFRACTION,1.6,A1EFD,"2,3-dihydro-1-benzofuran-7-ylmethanol",C9 H10 O2,150.174,non-polymer,c1cc2c(c(c1)CO)OCC2,11,A,ligand,drug_like,9KEW_A1EFD_A201,A,201,11,0,4.921,False,False,1189.0,151.0,22.0,25.0,/data/lab_vm/append_only/inhibition/05_redock_benchmark/cases_1/receptors/9KEW/receptor.pdbqt,/data/lab_vm/append_only/inhibition/05_redock_benchmark/cases_1/refs/9KEW_A1EFD_A201_ref.pdb,/data/lab_vm/append_only/inhibition/05_redock_benchmark/cases_1/boxes/9KEW_A1EFD_A201.json,A,/data/lab_vm/append_only/inhibition/05_redock_benchmark/cases_1/refs_6vaj/9KEW_A1EFD_A201_ref6vaj.pdb,0.381,111.0,True,1.0,9.31,True,case,
9KEY,X-RAY DIFFRACTION,2.49,A1EFE,"2,1,3-benzothiadiazol-5-ylmethanol",C7 H6 N2 O S,166.2,non-polymer,c1cc2c(cc1CO)nsn2,11,A,ligand,drug_like,9KEY_A1EFE_A201,A,201,11,0,5.069,False,False,1189.0,42.0,22.0,25.0,/data/lab_vm/append_only/inhibition/05_redock_benchmark/cases_1/receptors/9KEY/receptor.pdbqt,/data/lab_vm/append_only/inhibition/05_redock_benchmark/cases_1/refs/9KEY_A1EFE_A201_ref.pdb,/data/lab_vm/append_only/inhibition/05_redock_benchmark/cases_1/boxes/9KEY_A1EFE_A201.json,A,/data/lab_vm/append_only/inhibition/05_redock_benchmark/cases_1/refs_6vaj/9KEY_A1EFE_A201_ref6vaj.pdb,0.396,111.0,True,1.0,8.81,True,case,
9KEZ,X-RAY DIFFRACTION,1.95,DBJ,"2,3-dihydro-1,4-benzodioxin-5-ylmethanol",C9 H10 O3,166.174,non-polymer,c1cc(c2c(c1)OCCO2)CO,12,A,ligand,drug_like,9KEZ_DBJ_A301,A,301,12,0,2.318,False,False,1189.0,110.0,12.0,25.0,/data/lab_vm/append_only/inhibition/05_redock_benchmark/cases_1/receptors/9KEZ/receptor.pdbqt,/data/lab_vm/append_only/inhibition/05_redock_benchmark/cases_1/refs/9KEZ_DBJ_A301_ref.pdb,/data/lab_vm/append_only/inhibition/05_redock_benchmark/cases_1/boxes/9KEZ_DBJ_A301.json,A,/data/lab_vm/append_only/inhibition/05_redock_benchmark/cases_1/refs_6vaj/9KEZ_DBJ_A301_ref6vaj.pdb,0.366,111.0,True,1.0,8.04,True,case,
9KF0,X-RAY DIFFRACTION,1.82,A1EFF,"(2,5-dimethylpyrazol-3-yl)methanol",C6 H10 N2 O,126.156,non-polymer,Cc1cc(n(n1)C)CO,9,A,ligand,fragment,9KF0_A1EFF_A301,A,301,9,0,2.737,False,False,1189.0,105.0,9.0,25.0,/data/lab_vm/append_only/inhibition/05_redock_benchmark/cases_1/receptors/9KF0/receptor.pdbqt,/data/lab_vm/append_only/inhibition/05_redock_benchmark/cases_1/refs/9KF0_A1EFF_A301_ref.pdb,/data/lab_vm/append_only/inhibition/05_redock_benchmark/cases_1/boxes/9KF0_A1EFF_A301.json,A,/data/lab_vm/append_only/inhibition/05_redock_benchmark/cases_1/refs_6vaj/9KF0_A1EFF_A301_ref6vaj.pdb,0.358,111.0,True,1.0,8.4,True,case,
9KFC,X-RAY DIFFRACTION,1.56,A1AYA,[2-(4-methylpiperazin-1-yl)phenyl]methanol,C12 H18 N2 O,206.284,non-polymer,CN1CCN(CC1)c2ccccc2CO,15,A,ligand,drug_like,9KFC_A1AYA_A301,A,301,15,0,2.658,False,False,1189.0,176.0,30.0,25.0,/data/lab_vm/append_only/inhibition/05_redock_benchmark/cases_1/receptors/9KFC/receptor.pdbqt,/data/lab_vm/append_only/inhibition/05_redock_benchmark/cases_1/refs/9KFC_A1AYA_A301_ref.pdb,/data/lab_vm/append_only/inhibition/05_redock_benchmark/cases_1/boxes/9KFC_A1AYA_A301.json,A,/data/lab_vm/append_only/inhibition/05_redock_benchmark/cases_1/refs_6vaj/9KFC_A1AYA_A301_ref6vaj.pdb,0.342,111.0,True,1.0,6.96,True,case,
9KFH,X-RAY DIFFRACTION,1.59,A1EFG,2-methylfuran-3-carboxylic acid,C6 H6 O3,126.11,non-polymer,Cc1c(cco1)C(=O)O,9,A,ligand,fragment,9KFH_A1EFG_A301,A,301,9,0,3.578,False,False,1189.0,139.0,18.0,25.0,/data/lab_vm/append_only/inhibition/05_redock_benchmark/cases_1/receptors/9KFH/receptor.pdbqt,/data/lab_vm/append_only/inhibition/05_redock_benchmark/cases_1/refs/9KFH_A1EFG_A301_ref.pdb,/data/lab_vm/append_only/inhibition/05_redock_benchmark/cases_1/boxes/9KFH_A1EFG_A301.json,A,/data/lab_vm/append_only/inhibition/05_redock_benchmark/cases_1/refs_6vaj/9KFH_A1EFG_A301_ref6vaj.pdb,0.347,111.0,True,0.0,20.33,False,case,
9KFZ,X-RAY DIFFRACTION,1.43,A1EFO,6-methylpyridine-2-carboxylic acid,C7 H7 N O2,137.136,non-polymer,Cc1cccc(n1)C(=O)O,10,A,ligand,fragment,9KFZ_A1EFO_A301,A,301,10,0,2.912,False,False,1183.0,165.0,40.0,25.0,/data/lab_vm/append_only/inhibition/05_redock_benchmark/cases_1/receptors/9KFZ/receptor.pdbqt,/data/lab_vm/append_only/inhibition/05_redock_benchmark/cases_1/refs/9KFZ_A1EFO_A301_ref.pdb,/data/lab_vm/append_only/inhibition/05_redock_benchmark/cases_1/boxes/9KFZ_A1EFO_A301.json,A,/data/lab_vm/append_only/inhibition/05_redock_benchmark/cases_1/refs_6vaj/9KFZ_A1EFO_A301_ref6vaj.pdb,0.335,111.0,True,0.0,26.44,False,case,
9KG9,X-RAY DIFFRACTION,1.55,A1EFP,3-methoxythiophene-2-carboxylic acid,C6 H6 O3 S,158.175,non-polymer,COc1ccsc1C(=O)O,10,A,ligand,drug_like,9KG9_A1EFP_A301,A,301,10,0,3.294,False,False,1189.0,157.0,90.0,25.0,/data/lab_vm/append_only/inhibition/05_redock_benchmark/cases_1/receptors/9KG9/receptor.pdbqt,/data/lab_vm/append_only/inhibition/05_redock_benchmark/cases_1/refs/9KG9_A1EFP_A301_ref.pdb,/data/lab_vm/append_only/inhibition/05_redock_benchmark/cases_1/boxes/9KG9_A1EFP_A301.json,A,/data/lab_vm/append_only/inhibition/05_redock_benchmark/cases_1/refs_6vaj/9KG9_A1EFP_A301_ref6vaj.pdb,0.348,111.0,True,0.0,21.95,False,case,
9KGO,X-RAY DIFFRACTION,1.62,A1EFQ,1-(1H-pyrazol-3-yl)ethanone,C5 H6 N2 O,110.114,non-polymer,CC(=O)c1cc[nH]n1,8,A,ligand,fragment,9KGO_A1EFQ_A201,A,201,8,0,3.39,False,False,1189.0,181.0,32.0,25.0,/data/lab_vm/append_only/inhibition/05_redock_benchmark/cases_1/receptors/9KGO/receptor.pdbqt,/data/lab_vm/append_only/inhibition/05_redock_benchmark/cases_1/refs/9KGO_A1EFQ_A201_ref.pdb,/data/lab_vm/append_only/inhibition/05_redock_benchmark/cases_1/boxes/9KGO_A1EFQ_A201.json,A,/data/lab_vm/append_only/inhibition/05_redock_benchmark/cases_1/refs_6vaj/9KGO_A1EFQ_A201_ref6vaj.pdb,0.377,111.0,True,0.0,18.43,False,case,
9KX1,X-RAY DIFFRACTION,1.7,A1EHL,2-(trifluoromethyl)pyrimidin-4-ol,C5 H3 F3 N2 O,164.085,non-polymer,c1cnc(nc1O)C(F)(F)F,11,A,ligand,drug_like,9KX1_A1EHL_A301,A,301,11,0,3.004,False,False,1189.0,112.0,22.0,25.0,/data/lab_vm/append_only/inhibition/05_redock_benchmark/cases_1/receptors/9KX1/receptor.pdbqt,/data/lab_vm/append_only/inhibition/05_redock_benchmark/cases_1/refs/9KX1_A1EHL_A301_ref.pdb,/data/lab_vm/append_only/inhibition/05_redock_benchmark/cases_1/boxes/9KX1_A1EHL_A301.json,A,/data/lab_vm/append_only/inhibition/05_redock_benchmark/cases_1/refs_6vaj/9KX1_A1EHL_A301_ref6vaj.pdb,0.371,111.0,True,1.0,3.29,True,case,
9KX7,X-RAY DIFFRACTION,1.53,A1EHC,"imidazo[1,2-a]pyridin-6-ylmethanol",C8 H8 N2 O,148.162,non-polymer,c1cc2nccn2cc1CO,11,A,ligand,fragment,9KX7_A1EHC_A201,A,201,11,0,3.244,False,False,1189.0,226.0,33.0,25.0,/data/lab_vm/append_only/inhibition/05_redock_benchmark/cases_1/receptors/9KX7/receptor.pdbqt,/data/lab_vm/append_only/inhibition/05_redock_benchmark/cases_1/refs/9KX7_A1EHC_A201_ref.pdb,/data/lab_vm/append_only/inhibition/05_redock_benchmark/cases_1/boxes/9KX7_A1EHC_A201.json,A,/data/lab_vm/append_only/inhibition/05_redock_benchmark/cases_1/refs_6vaj/9KX7_A1EHC_A201_ref6vaj.pdb,0.386,111.0,True,0.0,26.52,False,case,
9KX9,X-RAY DIFFRACTION,1.62,A1EHD,(1-methylindazol-3-yl)methanol,C9 H10 N2 O,162.188,non-polymer,Cn1c2ccccc2c(n1)CO,12,A,ligand,drug_like,9KX9_A1EHD_A301,A,301,12,0,2.476,False,False,1189.0,137.0,36.0,25.0,/data/lab_vm/append_only/inhibition/05_redock_benchmark/cases_1/receptors/9KX9/receptor.pdbqt,/data/lab_vm/append_only/inhibition/05_redock_benchmark/cases_1/refs/9KX9_A1EHD_A301_ref.pdb,/data/lab_vm/append_only/inhibition/05_redock_benchmark/cases_1/boxes/9KX9_A1EHD_A301.json,A,/data/lab_vm/append_only/inhibition/05_redock_benchmark/cases_1/refs_6vaj/9KX9_A1EHD_A301_ref6vaj.pdb,0.332,111.0,True,1.0,8.13,True,case,
9KXC,X-RAY DIFFRACTION,1.53,A1EHE,quinolin-5-amine,C9 H8 N2,144.173,non-polymer,c1cc(c2cccnc2c1)N,11,A,ligand,fragment,9KXC_A1EHE_A201,A,201,11,0,2.867,False,False,1189.0,159.0,22.0,25.0,/data/lab_vm/append_only/inhibition/05_redock_benchmark/cases_1/receptors/9KXC/receptor.pdbqt,/data/lab_vm/append_only/inhibition/05_redock_benchmark/cases_1/refs/9KXC_A1EHE_A201_ref.pdb,/data/lab_vm/append_only/inhibition/05_redock_benchmark/cases_1/boxes/9KXC_A1EHE_A201.json,A,/data/lab_vm/append_only/inhibition/05_redock_benchmark/cases_1/refs_6vaj/9KXC_A1EHE_A201_ref6vaj.pdb,0.394,111.0,True,1.0,8.02,True,case,
9KXD,X-RAY DIFFRACTION,1.6,53E,"2,3-dihydro-1,4-benzodioxine-5-carboxylic acid",C9 H8 O4,180.157,non-polymer,c1cc(c2c(c1)OCCO2)C(=O)O,13,A,ligand,drug_like,9KXD_53E_A301,A,301,13,0,2.587,False,False,1189.0,157.0,26.0,25.0,/data/lab_vm/append_only/inhibition/05_redock_benchmark/cases_1/receptors/9KXD/receptor.pdbqt,/data/lab_vm/append_only/inhibition/05_redock_benchmark/cases_1/refs/9KXD_53E_A301_ref.pdb,/data/lab_vm/append_only/inhibition/05_redock_benchmark/cases_1/boxes/9KXD_53E_A301.json,A,/data/lab_vm/append_only/inhibition/05_redock_benchmark/cases_1/refs_6vaj/9KXD_53E_A301_ref6vaj.pdb,0.354,111.0,True,1.0,8.34,True,case,
9KXE,X-RAY DIFFRACTION,1.61,A1EHF,4-methylthiophene-2-carboxamide,C6 H7 N O S,141.191,non-polymer,Cc1cc(sc1)C(=O)N,9,A,ligand,fragment,9KXE_A1EHF_A204,A,204,9,9,3.514,False,False,1189.0,123.0,27.0,25.0,/data/lab_vm/append_only/inhibition/05_redock_benchmark/cases_1/receptors/9KXE/receptor.pdbqt,/data/lab_vm/append_only/inhibition/05_redock_benchmark/cases_1/refs/9KXE_A1EHF_A204_ref.pdb,/data/lab_vm/append_only/inhibition/05_redock_benchmark/cases_1/boxes/9KXE_A1EHF_A204.json,A,/data/lab_vm/append_only/inhibition/05_redock_benchmark/cases_1/refs_6vaj/9KXE_A1EHF_A204_ref6vaj.pdb,0.353,111.0,True,0.0,21.67,False,case,
9KXF,X-RAY DIFFRACTION,1.71,A1EHG,~{N}-(2-fluorophenyl)ethanamide,C8 H8 F N O,153.154,non-polymer,CC(=O)Nc1ccccc1F,11,A,ligand,drug_like,9KXF_A1EHG_A301,A,301,11,0,2.955,False,False,1189.0,166.0,11.0,25.0,/data/lab_vm/append_only/inhibition/05_redock_benchmark/cases_1/receptors/9KXF/receptor.pdbqt,/data/lab_vm/append_only/inhibition/05_redock_benchmark/cases_1/refs/9KXF_A1EHG_A301_ref.pdb,/data/lab_vm/append_only/inhibition/05_redock_benchmark/cases_1/boxes/9KXF_A1EHG_A301.json,A,/data/lab_vm/append_only/inhibition/05_redock_benchmark/cases_1/refs_6vaj/9KXF_A1EHG_A301_ref6vaj.pdb,0.327,111.0,True,1.0,9.41,True,case,
9KXG,X-RAY DIFFRACTION,1.58,M4T,~{N}-pyridin-3-ylethanamide,C7 H8 N2 O,136.151,non-polymer,CC(=O)Nc1cccnc1,10,A,ligand,fragment,9KXG_M4T_A301,A,301,10,10,3.108,False,False,1189.0,164.0,30.0,25.0,/data/lab_vm/append_only/inhibition/05_redock_benchmark/cases_1/receptors/9KXG/receptor.pdbqt,/data/lab_vm/append_only/inhibition/05_redock_benchmark/cases_1/refs/9KXG_M4T_A301_ref.pdb,/data/lab_vm/append_only/inhibition/05_redock_benchmark/cases_1/boxes/9KXG_M4T_A301.json,A,/data/lab_vm/append_only/inhibition/05_redock_benchmark/cases_1/refs_6vaj/9KXG_M4T_A301_ref6vaj.pdb,0.374,111.0,True,1.0,7.85,True,case,
9KXH,X-RAY DIFFRACTION,1.68,A1EHO,"2,6-bis(fluoranyl)benzamide",C7 H5 F2 N O,157.118,non-polymer,c1cc(c(c(c1)F)C(=O)N)F,11,A,ligand,drug_like,9KXH_A1EHO_A301,A,301,11,0,3.201,False,False,1189.0,80.0,22.0,25.0,/data/lab_vm/append_only/inhibition/05_redock_benchmark/cases_1/receptors/9KXH/receptor.pdbqt,/data/lab_vm/append_only/inhibition/05_redock_benchmark/cases_1/refs/9KXH_A1EHO_A301_ref.pdb,/data/lab_vm/append_only/inhibition/05_redock_benchmark/cases_1/boxes/9KXH_A1EHO_A301.json,A,/data/lab_vm/append_only/inhibition/05_redock_benchmark/cases_1/refs_6vaj/9KXH_A1EHO_A301_ref6vaj.pdb,0.358,111.0,True,0.0,21.31,False,case,
9KXI,X-RAY DIFFRACTION,1.77,A1EHY,2-(2-methylimidazol-1-yl)aniline,C10 H11 N3,173.214,non-polymer,Cc1nccn1c2ccccc2N,13,A,ligand,drug_like,9KXI_A1EHY_A301,A,301,13,0,3.357,False,False,1189.0,147.0,13.0,25.0,/data/lab_vm/append_only/inhibition/05_redock_benchmark/cases_1/receptors/9KXI/receptor.pdbqt,/data/lab_vm/append_only/inhibition/05_redock_benchmark/cases_1/refs/9KXI_A1EHY_A301_ref.pdb,/data/lab_vm/append_only/inhibition/05_redock_benchmark/cases_1/boxes/9KXI_A1EHY_A301.json,A,/data/lab_vm/append_only/inhibition/05_redock_benchmark/cases_1/refs_6vaj/9KXI_A1EHY_A301_ref6vaj.pdb,0.354,111.0,True,0.0,18.66,False,case,
9KXJ,X-RAY DIFFRACTION,1.57,A1EVL,"(3S,11R)-tetracyclo[6.3.0.02,6.05,9]undecane-3,11-diol",C11 H16 O2,180.244,non-polymer,C1[C@@H]2[C@H]3C[C@@H]([C@@H]2[C@H]4[C@@H]1[C@@H]3C[C@H]4O)O,13,A,ligand,drug_like,9KXJ_A1EVL_A301,A,301,13,0,2.957,False,False,1188.0,179.0,13.0,24.0,/data/lab_vm/append_only/inhibition/05_redock_benchmark/cases_1/receptors/9KXJ/receptor.pdbqt,/data/lab_vm/append_only/inhibition/05_redock_benchmark/cases_1/refs/9KXJ_A1EVL_A301_ref.pdb,/data/lab_vm/append_only/inhibition/05_redock_benchmark/cases_1/boxes/9KXJ_A1EVL_A301.json,A,/data/lab_vm/append_only/inhibition/05_redock_benchmark/cases_1/refs_6vaj/9KXJ_A1EVL_A301_ref6vaj.pdb,0.348,111.0,True,0.0,20.28,False,case,
9KXK,X-RAY DIFFRACTION,1.96,A1EFQ,1-(1H-pyrazol-3-yl)ethanone,C5 H6 N2 O,110.114,non-polymer,CC(=O)c1cc[nH]n1,8,A,ligand,fragment,9KXK_A1EFQ_A301,A,301,8,0,2.87,False,False,1189.0,39.0,8.0,25.0,/data/lab_vm/append_only/inhibition/05_redock_benchmark/cases_1/receptors/9KXK/receptor.pdbqt,/data/lab_vm/append_only/inhibition/05_redock_benchmark/cases_1/refs/9KXK_A1EFQ_A301_ref.pdb,/data/lab_vm/append_only/inhibition/05_redock_benchmark/cases_1/boxes/9KXK_A1EFQ_A301.json,A,/data/lab_vm/append_only/inhibition/05_redock_benchmark/cases_1/refs_6vaj/9KXK_A1EFQ_A301_ref6vaj.pdb,0.331,111.0,True,0.0,19.32,False,case,
9KXL,X-RAY DIFFRACTION,1.7,A1EHQ,2-phenoxyethanamine,C8 H11 N O,137.179,non-polymer,c1ccc(cc1)OCCN,10,A,ligand,fragment,9KXL_A1EHQ_A301,A,301,10,0,2.977,False,False,1189.0,76.0,10.0,25.0,/data/lab_vm/append_only/inhibition/05_redock_benchmark/cases_1/receptors/9KXL/receptor.pdbqt,/data/lab_vm/append_only/inhibition/05_redock_benchmark/cases_1/refs/9KXL_A1EHQ_A301_ref.pdb,/data/lab_vm/append_only/inhibition/05_redock_benchmark/cases_1/boxes/9KXL_A1EHQ_A301.json,A,/data/lab_vm/append_only/inhibition/05_redock_benchmark/cases_1/refs_6vaj/9KXL_A1EHQ_A301_ref6vaj.pdb,0.349,111.0,True,0.0,27.7,False,case,
9KXM,X-RAY DIFFRACTION,1.64,A1ERZ,(1~{S})-1-(1~{H}-benzimidazol-2-yl)ethanol,C9 H10 N2 O,162.188,non-polymer,C[C@@H](c1[nH]c2ccccc2n1)O,12,A,ligand,drug_like,9KXM_A1ERZ_A301,A,301,12,0,3.009,False,False,1189.0,124.0,12.0,25.0,/data/lab_vm/append_only/inhibition/05_redock_benchmark/cases_1/receptors/9KXM/receptor.pdbqt,/data/lab_vm/append_only/inhibition/05_redock_benchmark/cases_1/refs/9KXM_A1ERZ_A301_ref.pdb,/data/lab_vm/append_only/inhibition/05_redock_benchmark/cases_1/boxes/9KXM_A1ERZ_A301.json,A,/data/lab_vm/append_only/inhibition/05_redock_benchmark/cases_1/refs_6vaj/9KXM_A1ERZ_A301_ref6vaj.pdb,0.354,111.0,True,0.0,29.63,False,case,
9KXN,X-RAY DIFFRACTION,1.67,A1EHR,"5-methyl-1,2-oxazole-3-carbohydrazide",C5 H7 N3 O2,141.128,non-polymer,Cc1cc(no1)C(=O)NN,10,A,ligand,fragment,9KXN_A1EHR_A301,A,301,10,0,2.909,False,False,1180.0,121.0,10.0,25.0,/data/lab_vm/append_only/inhibition/05_redock_benchmark/cases_1/receptors/9KXN/receptor.pdbqt,/data/lab_vm/append_only/inhibition/05_redock_benchmark/cases_1/refs/9KXN_A1EHR_A301_ref.pdb,/data/lab_vm/append_only/inhibition/05_redock_benchmark/cases_1/boxes/9KXN_A1EHR_A301.json,A,/data/lab_vm/append_only/inhibition/05_redock_benchmark/cases_1/refs_6vaj/9KXN_A1EHR_A301_ref6vaj.pdb,0.471,111.0,True,0.0,27.17,False,case,
9KXO,X-RAY DIFFRACTION,1.75,UUY,2-[methyl(pyridin-2-yl)amino]ethan-1-ol,C8 H12 N2 O,152.194,non-polymer,CN(CCO)c1ccccn1,11,A,ligand,drug_like,9KXO_UUY_A301,A,301,11,0,3.052,False,False,1175.0,146.0,22.0,25.0,/data/lab_vm/append_only/inhibition/05_redock_benchmark/cases_1/receptors/9KXO/receptor.pdbqt,/data/lab_vm/append_only/inhibition/05_redock_benchmark/cases_1/refs/9KXO_UUY_A301_ref.pdb,/data/lab_vm/append_only/inhibition/05_redock_benchmark/cases_1/boxes/9KXO_UUY_A301.json,A,/data/lab_vm/append_only/inhibition/05_redock_benchmark/cases_1/refs_6vaj/9KXO_UUY_A301_ref6vaj.pdb,0.378,111.0,True,1.0,7.98,True,case,
9KXP,X-RAY DIFFRACTION,1.81,A1EHB,"(2,4-dimethyl-1,3-thiazol-5-yl)methanol",C6 H9 N O S,143.207,non-polymer,Cc1c(sc(n1)C)CO,9,A,ligand,fragment,9KXP_A1EHB_A301,A,301,9,0,2.89,False,False,1189.0,99.0,9.0,25.0,/data/lab_vm/append_only/inhibition/05_redock_benchmark/cases_1/receptors/9KXP/receptor.pdbqt,/data/lab_vm/append_only/inhibition/05_redock_benchmark/cases_1/refs/9KXP_A1EHB_A301_ref.pdb,/data/lab_vm/append_only/inhibition/05_redock_benchmark/cases_1/boxes/9KXP_A1EHB_A301.json,A,/data/lab_vm/append_only/inhibition/05_redock_benchmark/cases_1/refs_6vaj/9KXP_A1EHB_A301_ref6vaj.pdb,0.385,111.0,True,1.0,8.53,True,case,
9KXQ,X-RAY DIFFRACTION,1.69,A1EHP,"(3,5-dimethyl-1,2-oxazol-4-yl)methanol",C6 H9 N O2,127.141,non-polymer,Cc1c(c(on1)C)CO,9,A,ligand,fragment,9KXQ_A1EHP_A301,A,301,9,0,2.952,False,False,1189.0,107.0,9.0,25.0,/data/lab_vm/append_only/inhibition/05_redock_benchmark/cases_1/receptors/9KXQ/receptor.pdbqt,/data/lab_vm/append_only/inhibition/05_redock_benchmark/cases_1/refs/9KXQ_A1EHP_A301_ref.pdb,/data/lab_vm/append_only/inhibition/05_redock_benchmark/cases_1/boxes/9KXQ_A1EHP_A301.json,A,/data/lab_vm/append_only/inhibition/05_redock_benchmark/cases_1/refs_6vaj/9KXQ_A1EHP_A301_ref6vaj.pdb,0.372,111.0,True,0.0,20.24,False,case,
9V6G,X-RAY DIFFRACTION,2.0,A1ERC,"~{N}-(1-benzothiophen-2-ylmethyl)-~{N}-[(3~{R})-1,1-bis(oxidanylidene)thiolan-3-yl]-2-chloranyl-ethanamide",C15 H16 Cl N O3 S2,357.875,non-polymer,c1ccc2c(c1)cc(s2)CN([C@@H]3CCS(=O)(=O)C3)C(=O)CCl,22,"A,B",ligand,drug_like,9V6G_A1ERC_A200,A,200,21,0,1.812,False,True,,,,,,,,,,,,,,,,excluded_covalent,covalent_at_1.81A_leaving_group_absent_21_of_22
9V6G,X-RAY DIFFRACTION,2.0,A1ERA,"3-[bis(oxidanyl)methyl]pentane-1,1,3,5,5-pentol",C6 H14 O7,198.171,non-polymer,C(C(O)O)C(CC(O)O)(C(O)O)O,13,"A,B",ligand,drug_like,9V6G_A1ERA_A201,A,201,13,0,2.407,False,False,1776.0,248.0,68.0,0.0,/data/lab_vm/append_only/inhibition/05_redock_benchmark/cases_1/receptors/9V6G/receptor.pdbqt,/data/lab_vm/append_only/inhibition/05_redock_benchmark/cases_1/refs/9V6G_A1ERA_A201_ref.pdb,/data/lab_vm/append_only/inhibition/05_redock_benchmark/cases_1/boxes/9V6G_A1ERA_A201.json,A,/data/lab_vm/append_only/inhibition/05_redock_benchmark/cases_1/refs_6vaj/9V6G_A1ERA_A201_ref6vaj.pdb,0.448,113.0,True,1.0,5.96,True,case,
9V6I,X-RAY DIFFRACTION,2.46,A1ERA,"3-[bis(oxidanyl)methyl]pentane-1,1,3,5,5-pentol",C6 H14 O7,198.171,non-polymer,C(C(O)O)C(CC(O)O)(C(O)O)O,13,A,ligand,drug_like,9V6I_A1ERA_A202,A,202,13,0,2.651,False,False,1776.0,54.0,61.0,0.0,/data/lab_vm/append_only/inhibition/05_redock_benchmark/cases_1/receptors/9V6I/receptor.pdbqt,/data/lab_vm/append_only/inhibition/05_redock_benchmark/cases_1/refs/9V6I_A1ERA_A202_ref.pdb,/data/lab_vm/append_only/inhibition/05_redock_benchmark/cases_1/boxes/9V6I_A1ERA_A202.json,A,/data/lab_vm/append_only/inhibition/05_redock_benchmark/cases_1/refs_6vaj/9V6I_A1ERA_A202_ref6vaj.pdb,0.395,113.0,True,1.0,5.81,True,case,
9V6I,X-RAY DIFFRACTION,2.46,A1ERB,"~{N}-[(3~{R})-1,1-bis(oxidanylidene)thiolan-3-yl]-2-chloranyl-~{N}-[(3-phenylphenyl)methyl]ethanamide",C19 H20 Cl N O3 S,377.885,non-polymer,c1ccc(cc1)c2cccc(c2)CN([C@@H]3CCS(=O)(=O)C3)C(=O)CCl,25,"A,B",ligand,drug_like,9V6I_A1ERB_A201,A,201,24,0,1.766,False,True,,,,,,,,,,,,,,,,excluded_covalent,covalent_at_1.77A_leaving_group_absent_24_of_25
9V6P,X-RAY DIFFRACTION,1.99,A1ERF,"~{N}-[(3~{R})-1,1-bis(oxidanylidene)thiolan-3-yl]-2-chloranyl-~{N}-[(6-chloranyl-1~{H}-indol-3-yl)methyl]ethanamide",C15 H16 Cl2 N2 O3 S,375.27,non-polymer,c1cc2c(cc1Cl)[nH]cc2CN([C@@H]3CCS(=O)(=O)C3)C(=O)CCl,23,"A,B",ligand,drug_like,9V6P_A1ERF_A201,A,201,22,0,1.867,False,True,,,,,,,,,,,,,,,,excluded_covalent,covalent_at_1.87A_leaving_group_absent_22_of_23
9V6P,X-RAY DIFFRACTION,1.99,A1ERA,"3-[bis(oxidanyl)methyl]pentane-1,1,3,5,5-pentol",C6 H14 O7,198.171,non-polymer,C(C(O)O)C(CC(O)O)(C(O)O)O,13,"A,B",ligand,drug_like,9V6P_A1ERA_A202,A,202,13,0,2.625,False,False,1776.0,212.0,70.0,0.0,/data/lab_vm/append_only/inhibition/05_redock_benchmark/cases_1/receptors/9V6P/receptor.pdbqt,/data/lab_vm/append_only/inhibition/05_redock_benchmark/cases_1/refs/9V6P_A1ERA_A202_ref.pdb,/data/lab_vm/append_only/inhibition/05_redock_benchmark/cases_1/boxes/9V6P_A1ERA_A202.json,A,/data/lab_vm/append_only/inhibition/05_redock_benchmark/cases_1/refs_6vaj/9V6P_A1ERA_A202_ref6vaj.pdb,0.446,113.0,True,1.0,6.12,True,case,
9V6W,X-RAY DIFFRACTION,2.1,A1ERK,"~{N}-[(3~{R})-1,1-bis(oxidanylidene)thiolan-3-yl]-2-chloranyl-~{N}-[(5-phenoxythiophen-2-yl)methyl]ethanamide",C17 H18 Cl N O4 S2,399.912,non-polymer,c1ccc(cc1)Oc2ccc(s2)CN([C@@H]3CCS(=O)(=O)C3)C(=O)CCl,25,"A,B",ligand,drug_like,9V6W_A1ERK_A200,A,200,24,0,1.787,False,True,,,,,,,,,,,,,,,,excluded_covalent,covalent_at_1.79A_leaving_group_absent_24_of_25
9V6W,X-RAY DIFFRACTION,2.1,A1ERA,"3-[bis(oxidanyl)methyl]pentane-1,1,3,5,5-pentol",C6 H14 O7,198.171,non-polymer,C(C(O)O)C(CC(O)O)(C(O)O)O,13,A,ligand,drug_like,9V6W_A1ERA_A201,A,201,13,0,2.714,False,False,1776.0,163.0,61.0,0.0,/data/lab_vm/append_only/inhibition/05_redock_benchmark/cases_1/receptors/9V6W/receptor.pdbqt,/data/lab_vm/append_only/inhibition/05_redock_benchmark/cases_1/refs/9V6W_A1ERA_A201_ref.pdb,/data/lab_vm/append_only/inhibition/05_redock_benchmark/cases_1/boxes/9V6W_A1ERA_A201.json,A,/data/lab_vm/append_only/inhibition/05_redock_benchmark/cases_1/refs_6vaj/9V6W_A1ERA_A201_ref6vaj.pdb,0.441,113.0,True,1.0,5.46,True,case,
9V92,X-RAY DIFFRACTION,1.97,QCF,3-(dimethylamino)-1-(thiophen-2-yl)propan-1-one,C9 H13 N O S,183.271,non-polymer,CN(C)CCC(=O)c1cccs1,12,A,ligand,drug_like,9V92_QCF_A301,A,301,9,0,1.767,True,True,,,,,,,,,,,,,,,,excluded_covalent,covalent_at_1.77A_leaving_group_absent_9_of_12_link_record
