case_id,ligand_prep_ok,cross_affinity,cross_ok,cross_pose_dir,self_ok,self_affinity,self_pose_dir,self_seconds,self_error
2XP3_B21_A1165,True,-5.8,True,/data/lab_vm/append_only/inhibition/05_redock_benchmark/dock_1/cross/poses,True,-6.3,/data/lab_vm/append_only/inhibition/05_redock_benchmark/dock_1/self/2XP3_B21_A1165/poses,2.6,
2XP4_G14_A1165,True,-5.7,True,/data/lab_vm/append_only/inhibition/05_redock_benchmark/dock_1/cross/poses,True,-6.3,/data/lab_vm/append_only/inhibition/05_redock_benchmark/dock_1/self/2XP4_G14_A1165/poses,2.5,
2XP5_4FF_A1165,True,-5.8,True,/data/lab_vm/append_only/inhibition/05_redock_benchmark/dock_1/cross/poses,True,-6.2,/data/lab_vm/append_only/inhibition/05_redock_benchmark/dock_1/self/2XP5_4FF_A1165/poses,2.6,
2XP6_4G2_A1165,True,-5.6,True,/data/lab_vm/append_only/inhibition/05_redock_benchmark/dock_1/cross/poses,True,-6.6,/data/lab_vm/append_only/inhibition/05_redock_benchmark/dock_1/self/2XP6_4G2_A1165/poses,2.2,
2XP7_4F8_A1164,True,-5.9,True,/data/lab_vm/append_only/inhibition/05_redock_benchmark/dock_1/cross/poses,True,-7.2,/data/lab_vm/append_only/inhibition/05_redock_benchmark/dock_1/self/2XP7_4F8_A1164/poses,2.1,
2XP8_4FY_A1165,True,-6.1,True,/data/lab_vm/append_only/inhibition/05_redock_benchmark/dock_1/cross/poses,True,-6.7,/data/lab_vm/append_only/inhibition/05_redock_benchmark/dock_1/self/2XP8_4FY_A1165/poses,3.2,
2XP9_4G8_A1165,True,-6.4,True,/data/lab_vm/append_only/inhibition/05_redock_benchmark/dock_1/cross/poses,True,-6.7,/data/lab_vm/append_only/inhibition/05_redock_benchmark/dock_1/self/2XP9_4G8_A1165/poses,4.0,
2XPA_4G5_A1165,True,-5.8,True,/data/lab_vm/append_only/inhibition/05_redock_benchmark/dock_1/cross/poses,True,-6.2,/data/lab_vm/append_only/inhibition/05_redock_benchmark/dock_1/self/2XPA_4G5_A1165/poses,3.0,
2XPB_4GE_A1165,True,-7.0,True,/data/lab_vm/append_only/inhibition/05_redock_benchmark/dock_1/cross/poses,True,-7.0,/data/lab_vm/append_only/inhibition/05_redock_benchmark/dock_1/self/2XPB_4GE_A1165/poses,4.0,
3IKD_J9Z_A501,True,-6.6,True,/data/lab_vm/append_only/inhibition/05_redock_benchmark/dock_1/cross/poses,True,-7.5,/data/lab_vm/append_only/inhibition/05_redock_benchmark/dock_1/self/3IKD_J9Z_A501/poses,3.9,
3IKG_J8Z_A1,True,-6.7,True,/data/lab_vm/append_only/inhibition/05_redock_benchmark/dock_1/cross/poses,True,-7.5,/data/lab_vm/append_only/inhibition/05_redock_benchmark/dock_1/self/3IKG_J8Z_A1/poses,4.0,
3JYJ_JZI_A301,True,-6.8,True,/data/lab_vm/append_only/inhibition/05_redock_benchmark/dock_1/cross/poses,True,-7.6,/data/lab_vm/append_only/inhibition/05_redock_benchmark/dock_1/self/3JYJ_JZI_A301/poses,4.0,
3KAB_4BL_A166,True,-5.5,True,/data/lab_vm/append_only/inhibition/05_redock_benchmark/dock_1/cross/poses,True,-5.4,/data/lab_vm/append_only/inhibition/05_redock_benchmark/dock_1/self/3KAB_4BL_A166/poses,1.9,
3KAC_4BX_A1,True,-5.5,True,/data/lab_vm/append_only/inhibition/05_redock_benchmark/dock_1/cross/poses,True,-6.0,/data/lab_vm/append_only/inhibition/05_redock_benchmark/dock_1/self/3KAC_4BX_A1/poses,12.5,
3KAD_4C0_A164,True,-6.3,True,/data/lab_vm/append_only/inhibition/05_redock_benchmark/dock_1/cross/poses,True,-6.0,/data/lab_vm/append_only/inhibition/05_redock_benchmark/dock_1/self/3KAD_4C0_A164/poses,4.0,
3KAF_4D9_A164,True,-6.4,True,/data/lab_vm/append_only/inhibition/05_redock_benchmark/dock_1/cross/poses,True,-7.0,/data/lab_vm/append_only/inhibition/05_redock_benchmark/dock_1/self/3KAF_4D9_A164/poses,4.0,
3KAG_4D7_A164,True,-6.2,True,/data/lab_vm/append_only/inhibition/05_redock_benchmark/dock_1/cross/poses,True,-6.7,/data/lab_vm/append_only/inhibition/05_redock_benchmark/dock_1/self/3KAG_4D7_A164/poses,3.0,
3KAH_4DH_A165,True,-6.9,True,/data/lab_vm/append_only/inhibition/05_redock_benchmark/dock_1/cross/poses,True,-7.3,/data/lab_vm/append_only/inhibition/05_redock_benchmark/dock_1/self/3KAH_4DH_A165/poses,3.9,
3KAI_4FI_A165,True,-7.2,True,/data/lab_vm/append_only/inhibition/05_redock_benchmark/dock_1/cross/poses,True,-7.5,/data/lab_vm/append_only/inhibition/05_redock_benchmark/dock_1/self/3KAI_4FI_A165/poses,4.0,
3KCE_4BY_A165,True,-5.3,True,/data/lab_vm/append_only/inhibition/05_redock_benchmark/dock_1/cross/poses,True,-5.1,/data/lab_vm/append_only/inhibition/05_redock_benchmark/dock_1/self/3KCE_4BY_A165/poses,2.0,
3NTP_RZD_A164,True,-5.8,True,/data/lab_vm/append_only/inhibition/05_redock_benchmark/dock_1/cross/poses,True,-6.8,/data/lab_vm/append_only/inhibition/05_redock_benchmark/dock_1/self/3NTP_RZD_A164/poses,15.5,
3ODK_ODK_A165,True,-5.7,True,/data/lab_vm/append_only/inhibition/05_redock_benchmark/dock_1/cross/poses,True,-5.8,/data/lab_vm/append_only/inhibition/05_redock_benchmark/dock_1/self/3ODK_ODK_A165/poses,2.0,
3OOB_KDH_A402,True,-6.7,True,/data/lab_vm/append_only/inhibition/05_redock_benchmark/dock_1/cross/poses,True,-6.1,/data/lab_vm/append_only/inhibition/05_redock_benchmark/dock_1/self/3OOB_KDH_A402/poses,6.0,
3TC5_3T5_A164,True,-6.2,True,/data/lab_vm/append_only/inhibition/05_redock_benchmark/dock_1/cross/poses,True,-10.2,/data/lab_vm/append_only/inhibition/05_redock_benchmark/dock_1/self/3TC5_3T5_A164/poses,3.0,
3TCZ_R2Z_A1,True,-5.0,True,/data/lab_vm/append_only/inhibition/05_redock_benchmark/dock_1/cross/poses,True,-5.9,/data/lab_vm/append_only/inhibition/05_redock_benchmark/dock_1/self/3TCZ_R2Z_A1/poses,6.0,
3TDB_3TB_A1,True,-5.3,True,/data/lab_vm/append_only/inhibition/05_redock_benchmark/dock_1/cross/poses,True,-6.1,/data/lab_vm/append_only/inhibition/05_redock_benchmark/dock_1/self/3TDB_3TB_A1/poses,10.0,
4TNS_REA_A201,True,-5.8,True,/data/lab_vm/append_only/inhibition/05_redock_benchmark/dock_1/cross/poses,True,-5.7,/data/lab_vm/append_only/inhibition/05_redock_benchmark/dock_1/self/4TNS_REA_A201/poses,3.0,
4TYO_39X_A201,True,-7.0,True,/data/lab_vm/append_only/inhibition/05_redock_benchmark/dock_1/cross/poses,True,-7.7,/data/lab_vm/append_only/inhibition/05_redock_benchmark/dock_1/self/4TYO_39X_A201/poses,4.0,
9INR_A1D9K_A201,True,-6.9,True,/data/lab_vm/append_only/inhibition/05_redock_benchmark/dock_1/cross/poses,True,-9.4,/data/lab_vm/append_only/inhibition/05_redock_benchmark/dock_1/self/9INR_A1D9K_A201/poses,8.1,
9JYO_A1EDY_A301,True,-4.7,True,/data/lab_vm/append_only/inhibition/05_redock_benchmark/dock_1/cross/poses,True,-4.5,/data/lab_vm/append_only/inhibition/05_redock_benchmark/dock_1/self/9JYO_A1EDY_A301/poses,2.0,
9JYP_A1EDZ_A301,True,-5.0,True,/data/lab_vm/append_only/inhibition/05_redock_benchmark/dock_1/cross/poses,True,-4.8,/data/lab_vm/append_only/inhibition/05_redock_benchmark/dock_1/self/9JYP_A1EDZ_A301/poses,2.1,
9JYR_A1ED0_A301,True,-5.1,True,/data/lab_vm/append_only/inhibition/05_redock_benchmark/dock_1/cross/poses,True,-5.3,/data/lab_vm/append_only/inhibition/05_redock_benchmark/dock_1/self/9JYR_A1ED0_A301/poses,2.1,
9JYS_A1ED1_A301,True,-4.2,True,/data/lab_vm/append_only/inhibition/05_redock_benchmark/dock_1/cross/poses,True,-3.9,/data/lab_vm/append_only/inhibition/05_redock_benchmark/dock_1/self/9JYS_A1ED1_A301/poses,2.0,
9JYT_A1EDX_A202,True,-5.7,True,/data/lab_vm/append_only/inhibition/05_redock_benchmark/dock_1/cross/poses,True,-5.7,/data/lab_vm/append_only/inhibition/05_redock_benchmark/dock_1/self/9JYT_A1EDX_A202/poses,2.0,
9JYV_A1ED2_A202,True,-4.5,True,/data/lab_vm/append_only/inhibition/05_redock_benchmark/dock_1/cross/poses,True,-4.0,/data/lab_vm/append_only/inhibition/05_redock_benchmark/dock_1/self/9JYV_A1ED2_A202/poses,2.0,
9JZ2_A1ED3_A301,True,-5.3,True,/data/lab_vm/append_only/inhibition/05_redock_benchmark/dock_1/cross/poses,True,-4.7,/data/lab_vm/append_only/inhibition/05_redock_benchmark/dock_1/self/9JZ2_A1ED3_A301/poses,2.1,
9JZ3_A1ED4_A301,True,-5.2,True,/data/lab_vm/append_only/inhibition/05_redock_benchmark/dock_1/cross/poses,True,-4.6,/data/lab_vm/append_only/inhibition/05_redock_benchmark/dock_1/self/9JZ3_A1ED4_A301/poses,2.0,
9JZ4_A1ED5_A301,True,-4.5,True,/data/lab_vm/append_only/inhibition/05_redock_benchmark/dock_1/cross/poses,True,-4.3,/data/lab_vm/append_only/inhibition/05_redock_benchmark/dock_1/self/9JZ4_A1ED5_A301/poses,2.2,
9JZ6_A1ED7_A301,True,-3.7,True,/data/lab_vm/append_only/inhibition/05_redock_benchmark/dock_1/cross/poses,True,-3.3,/data/lab_vm/append_only/inhibition/05_redock_benchmark/dock_1/self/9JZ6_A1ED7_A301/poses,12.5,
9JZG_A1ED8_A301,True,-4.6,True,/data/lab_vm/append_only/inhibition/05_redock_benchmark/dock_1/cross/poses,True,-4.9,/data/lab_vm/append_only/inhibition/05_redock_benchmark/dock_1/self/9JZG_A1ED8_A301/poses,12.6,
9JZS_A1AT6_A301,True,-5.5,True,/data/lab_vm/append_only/inhibition/05_redock_benchmark/dock_1/cross/poses,True,-5.2,/data/lab_vm/append_only/inhibition/05_redock_benchmark/dock_1/self/9JZS_A1AT6_A301/poses,12.5,
9JZU_A1ED9_A301,True,-4.3,True,/data/lab_vm/append_only/inhibition/05_redock_benchmark/dock_1/cross/poses,True,-4.1,/data/lab_vm/append_only/inhibition/05_redock_benchmark/dock_1/self/9JZU_A1ED9_A301/poses,1.9,
9JZV_A1EEA_A202,True,-3.9,True,/data/lab_vm/append_only/inhibition/05_redock_benchmark/dock_1/cross/poses,True,-3.4,/data/lab_vm/append_only/inhibition/05_redock_benchmark/dock_1/self/9JZV_A1EEA_A202/poses,2.1,
9KE5_A1EE3_A202,True,-4.5,True,/data/lab_vm/append_only/inhibition/05_redock_benchmark/dock_1/cross/poses,True,-4.3,/data/lab_vm/append_only/inhibition/05_redock_benchmark/dock_1/self/9KE5_A1EE3_A202/poses,2.0,
9KE7_A1EE7_A301,True,-5.0,True,/data/lab_vm/append_only/inhibition/05_redock_benchmark/dock_1/cross/poses,True,-4.9,/data/lab_vm/append_only/inhibition/05_redock_benchmark/dock_1/self/9KE7_A1EE7_A301/poses,2.1,
9KE9_A1BDV_A201,True,-5.3,True,/data/lab_vm/append_only/inhibition/05_redock_benchmark/dock_1/cross/poses,True,-5.0,/data/lab_vm/append_only/inhibition/05_redock_benchmark/dock_1/self/9KE9_A1BDV_A201/poses,2.0,
9KEB_A1EE8_A301,True,-5.1,True,/data/lab_vm/append_only/inhibition/05_redock_benchmark/dock_1/cross/poses,True,-5.3,/data/lab_vm/append_only/inhibition/05_redock_benchmark/dock_1/self/9KEB_A1EE8_A301/poses,1.9,
9KEC_A1EE6_A202,True,-5.0,True,/data/lab_vm/append_only/inhibition/05_redock_benchmark/dock_1/cross/poses,True,-5.1,/data/lab_vm/append_only/inhibition/05_redock_benchmark/dock_1/self/9KEC_A1EE6_A202/poses,12.6,
9KEL_A1EFA_A202,True,-5.4,True,/data/lab_vm/append_only/inhibition/05_redock_benchmark/dock_1/cross/poses,True,-4.6,/data/lab_vm/append_only/inhibition/05_redock_benchmark/dock_1/self/9KEL_A1EFA_A202/poses,2.2,
9KEQ_A1EFB_A201,True,-4.8,True,/data/lab_vm/append_only/inhibition/05_redock_benchmark/dock_1/cross/poses,True,-4.8,/data/lab_vm/append_only/inhibition/05_redock_benchmark/dock_1/self/9KEQ_A1EFB_A201/poses,2.0,
9KES_A1EFC_A201,True,-5.7,True,/data/lab_vm/append_only/inhibition/05_redock_benchmark/dock_1/cross/poses,True,-5.2,/data/lab_vm/append_only/inhibition/05_redock_benchmark/dock_1/self/9KES_A1EFC_A201/poses,2.0,
9KEW_A1EFD_A201,True,-5.9,True,/data/lab_vm/append_only/inhibition/05_redock_benchmark/dock_1/cross/poses,True,-4.7,/data/lab_vm/append_only/inhibition/05_redock_benchmark/dock_1/self/9KEW_A1EFD_A201/poses,2.0,
9KEY_A1EFE_A201,True,-5.2,True,/data/lab_vm/append_only/inhibition/05_redock_benchmark/dock_1/cross/poses,True,-4.2,/data/lab_vm/append_only/inhibition/05_redock_benchmark/dock_1/self/9KEY_A1EFE_A201/poses,1.9,
9KEZ_DBJ_A301,True,-5.6,True,/data/lab_vm/append_only/inhibition/05_redock_benchmark/dock_1/cross/poses,True,-4.6,/data/lab_vm/append_only/inhibition/05_redock_benchmark/dock_1/self/9KEZ_DBJ_A301/poses,2.1,
9KF0_A1EFF_A301,True,-4.1,True,/data/lab_vm/append_only/inhibition/05_redock_benchmark/dock_1/cross/poses,True,-3.9,/data/lab_vm/append_only/inhibition/05_redock_benchmark/dock_1/self/9KF0_A1EFF_A301/poses,1.9,
9KFC_A1AYA_A301,True,-5.1,True,/data/lab_vm/append_only/inhibition/05_redock_benchmark/dock_1/cross/poses,True,-4.6,/data/lab_vm/append_only/inhibition/05_redock_benchmark/dock_1/self/9KFC_A1AYA_A301/poses,2.0,
9KFH_A1EFG_A301,True,-4.8,True,/data/lab_vm/append_only/inhibition/05_redock_benchmark/dock_1/cross/poses,True,-4.0,/data/lab_vm/append_only/inhibition/05_redock_benchmark/dock_1/self/9KFH_A1EFG_A301/poses,1.9,
9KFZ_A1EFO_A301,True,-5.2,True,/data/lab_vm/append_only/inhibition/05_redock_benchmark/dock_1/cross/poses,True,-4.2,/data/lab_vm/append_only/inhibition/05_redock_benchmark/dock_1/self/9KFZ_A1EFO_A301/poses,1.9,
9KG9_A1EFP_A301,True,-4.7,True,/data/lab_vm/append_only/inhibition/05_redock_benchmark/dock_1/cross/poses,True,-3.7,/data/lab_vm/append_only/inhibition/05_redock_benchmark/dock_1/self/9KG9_A1EFP_A301/poses,1.9,
9KGO_A1EFQ_A201,True,-4.7,True,/data/lab_vm/append_only/inhibition/05_redock_benchmark/dock_1/cross/poses,True,-4.1,/data/lab_vm/append_only/inhibition/05_redock_benchmark/dock_1/self/9KGO_A1EFQ_A201/poses,2.0,
9KX1_A1EHL_A301,True,-5.6,True,/data/lab_vm/append_only/inhibition/05_redock_benchmark/dock_1/cross/poses,True,-4.7,/data/lab_vm/append_only/inhibition/05_redock_benchmark/dock_1/self/9KX1_A1EHL_A301/poses,1.9,
9KX7_A1EHC_A201,True,-5.2,True,/data/lab_vm/append_only/inhibition/05_redock_benchmark/dock_1/cross/poses,True,-4.4,/data/lab_vm/append_only/inhibition/05_redock_benchmark/dock_1/self/9KX7_A1EHC_A201/poses,1.9,
9KX9_A1EHD_A301,True,-5.3,True,/data/lab_vm/append_only/inhibition/05_redock_benchmark/dock_1/cross/poses,True,-4.8,/data/lab_vm/append_only/inhibition/05_redock_benchmark/dock_1/self/9KX9_A1EHD_A301/poses,2.0,
9KXC_A1EHE_A201,True,-4.8,True,/data/lab_vm/append_only/inhibition/05_redock_benchmark/dock_1/cross/poses,True,-4.8,/data/lab_vm/append_only/inhibition/05_redock_benchmark/dock_1/self/9KXC_A1EHE_A201/poses,2.0,
9KXD_53E_A301,True,-5.7,True,/data/lab_vm/append_only/inhibition/05_redock_benchmark/dock_1/cross/poses,True,-5.0,/data/lab_vm/append_only/inhibition/05_redock_benchmark/dock_1/self/9KXD_53E_A301/poses,1.9,
9KXE_A1EHF_A204,True,-4.3,True,/data/lab_vm/append_only/inhibition/05_redock_benchmark/dock_1/cross/poses,True,-4.0,/data/lab_vm/append_only/inhibition/05_redock_benchmark/dock_1/self/9KXE_A1EHF_A204/poses,2.0,
9KXF_A1EHG_A301,True,-5.2,True,/data/lab_vm/append_only/inhibition/05_redock_benchmark/dock_1/cross/poses,True,-5.2,/data/lab_vm/append_only/inhibition/05_redock_benchmark/dock_1/self/9KXF_A1EHG_A301/poses,2.0,
9KXG_M4T_A301,True,-4.6,True,/data/lab_vm/append_only/inhibition/05_redock_benchmark/dock_1/cross/poses,True,-4.5,/data/lab_vm/append_only/inhibition/05_redock_benchmark/dock_1/self/9KXG_M4T_A301/poses,2.1,
9KXH_A1EHO_A301,True,-5.2,True,/data/lab_vm/append_only/inhibition/05_redock_benchmark/dock_1/cross/poses,True,-4.6,/data/lab_vm/append_only/inhibition/05_redock_benchmark/dock_1/self/9KXH_A1EHO_A301/poses,2.1,
9KXI_A1EHY_A301,True,-5.0,True,/data/lab_vm/append_only/inhibition/05_redock_benchmark/dock_1/cross/poses,True,-4.7,/data/lab_vm/append_only/inhibition/05_redock_benchmark/dock_1/self/9KXI_A1EHY_A301/poses,2.0,
9KXJ_A1EVL_A301,True,-5.5,True,/data/lab_vm/append_only/inhibition/05_redock_benchmark/dock_1/cross/poses,True,-5.4,/data/lab_vm/append_only/inhibition/05_redock_benchmark/dock_1/self/9KXJ_A1EVL_A301/poses,2.0,
9KXK_A1EFQ_A301,True,-4.7,True,/data/lab_vm/append_only/inhibition/05_redock_benchmark/dock_1/cross/poses,True,-3.7,/data/lab_vm/append_only/inhibition/05_redock_benchmark/dock_1/self/9KXK_A1EFQ_A301/poses,1.9,
9KXL_A1EHQ_A301,True,-4.4,True,/data/lab_vm/append_only/inhibition/05_redock_benchmark/dock_1/cross/poses,True,-3.5,/data/lab_vm/append_only/inhibition/05_redock_benchmark/dock_1/self/9KXL_A1EHQ_A301/poses,1.9,
9KXM_A1ERZ_A301,True,-5.6,True,/data/lab_vm/append_only/inhibition/05_redock_benchmark/dock_1/cross/poses,True,-4.1,/data/lab_vm/append_only/inhibition/05_redock_benchmark/dock_1/self/9KXM_A1ERZ_A301/poses,2.0,
9KXN_A1EHR_A301,True,-4.7,True,/data/lab_vm/append_only/inhibition/05_redock_benchmark/dock_1/cross/poses,True,-4.9,/data/lab_vm/append_only/inhibition/05_redock_benchmark/dock_1/self/9KXN_A1EHR_A301/poses,1.9,
9KXO_UUY_A301,True,-4.8,True,/data/lab_vm/append_only/inhibition/05_redock_benchmark/dock_1/cross/poses,True,-3.8,/data/lab_vm/append_only/inhibition/05_redock_benchmark/dock_1/self/9KXO_UUY_A301/poses,12.6,
9KXP_A1EHB_A301,True,-4.2,True,/data/lab_vm/append_only/inhibition/05_redock_benchmark/dock_1/cross/poses,True,-3.7,/data/lab_vm/append_only/inhibition/05_redock_benchmark/dock_1/self/9KXP_A1EHB_A301/poses,1.9,
9KXQ_A1EHP_A301,True,-4.2,True,/data/lab_vm/append_only/inhibition/05_redock_benchmark/dock_1/cross/poses,True,-3.9,/data/lab_vm/append_only/inhibition/05_redock_benchmark/dock_1/self/9KXQ_A1EHP_A301/poses,2.0,
9V6G_A1ERA_A201,True,-4.7,True,/data/lab_vm/append_only/inhibition/05_redock_benchmark/dock_1/cross/poses,True,-4.7,/data/lab_vm/append_only/inhibition/05_redock_benchmark/dock_1/self/9V6G_A1ERA_A201/poses,2.0,
9V6I_A1ERA_A202,True,-4.5,True,/data/lab_vm/append_only/inhibition/05_redock_benchmark/dock_1/cross/poses,True,-4.2,/data/lab_vm/append_only/inhibition/05_redock_benchmark/dock_1/self/9V6I_A1ERA_A202/poses,2.0,
9V6P_A1ERA_A202,True,-4.2,True,/data/lab_vm/append_only/inhibition/05_redock_benchmark/dock_1/cross/poses,True,-4.4,/data/lab_vm/append_only/inhibition/05_redock_benchmark/dock_1/self/9V6P_A1ERA_A202/poses,1.9,
9V6W_A1ERA_A201,True,-4.7,True,/data/lab_vm/append_only/inhibition/05_redock_benchmark/dock_1/cross/poses,True,-4.2,/data/lab_vm/append_only/inhibition/05_redock_benchmark/dock_1/self/9V6W_A1ERA_A201/poses,12.5,
