arm,description,tier,n,top1_success_2A,top1_n_success,top1_ci95_low,top1_ci95_high,top1_median_rmsd_a,top1_q25,top1_q75,bestof9_success_2A,bestof9_median_rmsd_a
A_self_dock_production_box,"own receptor, own site, 26 A production box",all,80,0.1625,13,0.097,0.258,8.43,2.79,11.34,0.3875,2.92
A_self_dock_production_box,"own receptor, own site, 26 A production box",drug_like,60,0.2167,13,0.131,0.336,7.18,2.33,11.05,0.4667,2.04
A_self_dock_production_box,"own receptor, own site, 26 A production box",fragment,20,0.0,0,0.0,0.161,10.96,8.1,12.51,0.15,6.68
A_self_dock_tight_box,"own receptor, own site, ligand-sized box (control)",all,80,0.225,18,0.147,0.328,4.04,2.06,6.33,0.55,1.8
A_self_dock_tight_box,"own receptor, own site, ligand-sized box (control)",drug_like,60,0.25,15,0.158,0.372,4.02,2.01,6.54,0.5667,1.8
A_self_dock_tight_box,"own receptor, own site, ligand-sized box (control)",fragment,20,0.15,3,0.052,0.36,4.28,2.82,6.21,0.5,1.85
B_cross_dock_6VAJ,6VAJ + box_expanded -- the exact T_1/T_2 production protocol,all,80,0.05,4,0.02,0.122,7.34,3.69,12.23,0.0875,4.6
B_cross_dock_6VAJ,6VAJ + box_expanded -- the exact T_1/T_2 production protocol,drug_like,60,0.0333,2,0.009,0.114,6.12,3.69,10.01,0.0667,4.52
B_cross_dock_6VAJ,6VAJ + box_expanded -- the exact T_1/T_2 production protocol,fragment,20,0.1,2,0.028,0.301,14.07,8.68,21.18,0.15,9.82
