pdb_id,method,resolution_a,comp_id,comp_name,formula,formula_weight,comp_type,smiles,heavy_atoms,auth_asym_ids,classification,tier,case_id,lig_chain,lig_resseq,n_ligand_atoms_modelled,n_altloc_atoms_skipped,min_dist_to_protein_a,link_record,is_covalent,receptor_atoms_kept,solvent_atoms_removed,ligand_atoms_removed,other_het_retained,receptor_pdbqt,ref_pdb,box_json,host_chain,ref_6vaj_pdb,ca_fit_rmsd_a,n_fit_residues,cross_dock_ready,ref_frac_atoms_in_prod_box,ref_centroid_dist_to_prod_centre_a,ref_in_prod_box,status,drop_reason,self_pose_dir,cross_pose_dir,self_rmsd_a,cross_rmsd_a,self_affinity,cross_affinity,n_rot_bonds,tight_top1_rmsd_a,tight_bestofn_rmsd_a,box_edge_a,self_bestofn_rmsd_a,self_n_modes,cross_bestofn_rmsd_a,cross_n_modes
2XP3,X-RAY DIFFRACTION,2.0,B21,5-(2-METHOXYPHENYL)-2-FUROIC ACID,C12 H10 O4,218.205,non-polymer,COc1ccccc1c2ccc(o2)C(=O)O,16,A,ligand,drug_like,2XP3_B21_A1165,A,1165,16,0,2.527,False,False,1173.0,90.0,16.0,17.0,/data/lab_vm/append_only/inhibition/05_redock_benchmark/cases_1/receptors/2XP3/receptor.pdbqt,/data/lab_vm/append_only/inhibition/05_redock_benchmark/cases_1/refs/2XP3_B21_A1165_ref.pdb,/data/lab_vm/append_only/inhibition/05_redock_benchmark/cases_1/boxes/2XP3_B21_A1165.json,A,/data/lab_vm/append_only/inhibition/05_redock_benchmark/cases_1/refs_6vaj/2XP3_B21_A1165_ref6vaj.pdb,0.403,111.0,True,1.0,2.06,True,case,,/data/lab_vm/append_only/inhibition/05_redock_benchmark/dock_1/self/2XP3_B21_A1165/poses,/data/lab_vm/append_only/inhibition/05_redock_benchmark/dock_1/cross/poses,2.3146520661861905,3.764262759824293,-6.3,-5.8,3,2.468913159165385,0.8316349484599589,15.1,0.5596357632424873,9,2.993065495858719,9
2XP4,X-RAY DIFFRACTION,1.8,G14,2-phenyl-1H-imidazole-4-carboxylic acid,C10 H8 N2 O2,188.183,non-polymer,c1ccc(cc1)c2[nH]cc(n2)C(=O)O,14,A,ligand,drug_like,2XP4_G14_A1165,A,1165,14,0,2.777,False,False,1168.0,119.0,14.0,18.0,/data/lab_vm/append_only/inhibition/05_redock_benchmark/cases_1/receptors/2XP4/receptor.pdbqt,/data/lab_vm/append_only/inhibition/05_redock_benchmark/cases_1/refs/2XP4_G14_A1165_ref.pdb,/data/lab_vm/append_only/inhibition/05_redock_benchmark/cases_1/boxes/2XP4_G14_A1165.json,A,/data/lab_vm/append_only/inhibition/05_redock_benchmark/cases_1/refs_6vaj/2XP4_G14_A1165_ref6vaj.pdb,0.335,111.0,True,1.0,2.17,True,case,,/data/lab_vm/append_only/inhibition/05_redock_benchmark/dock_1/self/2XP4_G14_A1165/poses,/data/lab_vm/append_only/inhibition/05_redock_benchmark/dock_1/cross/poses,0.6391458586046129,3.029147204365329,-6.3,-5.7,2,0.6538873865473427,0.213518149111498,15.3,0.6391458586046129,9,3.029147204365329,9
2XP5,X-RAY DIFFRACTION,1.9,4FF,5-METHYL-2-PHENYL-1H-IMIDAZOLE-4-CARBOXYLIC ACID,C11 H10 N2 O2,202.209,non-polymer,Cc1c(nc([nH]1)c2ccccc2)C(=O)O,15,A,ligand,drug_like,2XP5_4FF_A1165,A,1165,15,0,2.394,False,False,1179.0,120.0,15.0,23.0,/data/lab_vm/append_only/inhibition/05_redock_benchmark/cases_1/receptors/2XP5/receptor.pdbqt,/data/lab_vm/append_only/inhibition/05_redock_benchmark/cases_1/refs/2XP5_4FF_A1165_ref.pdb,/data/lab_vm/append_only/inhibition/05_redock_benchmark/cases_1/boxes/2XP5_4FF_A1165.json,A,/data/lab_vm/append_only/inhibition/05_redock_benchmark/cases_1/refs_6vaj/2XP5_4FF_A1165_ref6vaj.pdb,0.372,111.0,True,1.0,2.35,True,case,,/data/lab_vm/append_only/inhibition/05_redock_benchmark/dock_1/self/2XP5_4FF_A1165/poses,/data/lab_vm/append_only/inhibition/05_redock_benchmark/dock_1/cross/poses,0.5720623509140703,3.165171253923975,-6.2,-5.8,2,0.5658242954604663,0.5658242954604663,15.4,0.5720623509140703,9,3.165171253923975,9
2XP6,X-RAY DIFFRACTION,1.9,4G2,2-(3-CHLORO-PHENYL)-5-METHYL-1H-IMIDAZOLE-4-CARBOXYLIC ACID,C11 H9 Cl N2 O2,236.654,non-polymer,Cc1c(nc([nH]1)c2cccc(c2)Cl)C(=O)O,16,A,ligand,drug_like,2XP6_4G2_A1165,A,1165,16,0,2.636,False,False,1174.0,136.0,16.0,22.0,/data/lab_vm/append_only/inhibition/05_redock_benchmark/cases_1/receptors/2XP6/receptor.pdbqt,/data/lab_vm/append_only/inhibition/05_redock_benchmark/cases_1/refs/2XP6_4G2_A1165_ref.pdb,/data/lab_vm/append_only/inhibition/05_redock_benchmark/cases_1/boxes/2XP6_4G2_A1165.json,A,/data/lab_vm/append_only/inhibition/05_redock_benchmark/cases_1/refs_6vaj/2XP6_4G2_A1165_ref6vaj.pdb,0.335,110.0,True,1.0,2.23,True,case,,/data/lab_vm/append_only/inhibition/05_redock_benchmark/dock_1/self/2XP6_4G2_A1165/poses,/data/lab_vm/append_only/inhibition/05_redock_benchmark/dock_1/cross/poses,0.361415705939849,3.1076060118683007,-6.6,-5.6,2,0.2995485144346398,0.2995485144346398,15.6,0.361415705939849,9,2.897787582794847,9
2XP7,X-RAY DIFFRACTION,2.0,4F8,"2-PHENYL-1H-IMIDAZOLE-4,5-DICARBOXYLIC ACID",C11 H8 N2 O4,232.192,non-polymer,c1ccc(cc1)c2[nH]c(c(n2)C(=O)O)C(=O)O,17,A,ligand,drug_like,2XP7_4F8_A1164,A,1164,17,0,2.752,False,False,1177.0,138.0,17.0,24.0,/data/lab_vm/append_only/inhibition/05_redock_benchmark/cases_1/receptors/2XP7/receptor.pdbqt,/data/lab_vm/append_only/inhibition/05_redock_benchmark/cases_1/refs/2XP7_4F8_A1164_ref.pdb,/data/lab_vm/append_only/inhibition/05_redock_benchmark/cases_1/boxes/2XP7_4F8_A1164.json,A,/data/lab_vm/append_only/inhibition/05_redock_benchmark/cases_1/refs_6vaj/2XP7_4F8_A1164_ref6vaj.pdb,0.396,111.0,True,1.0,2.72,True,case,,/data/lab_vm/append_only/inhibition/05_redock_benchmark/dock_1/self/2XP7_4F8_A1164/poses,/data/lab_vm/append_only/inhibition/05_redock_benchmark/dock_1/cross/poses,0.7995999367330703,3.333401504204871,-7.2,-5.9,3,0.7992103455727959,0.2993225684775542,16.1,0.3121016048736466,9,3.333401504204871,9
2XP8,X-RAY DIFFRACTION,2.1,4FY,4-(MORPHOLIN-4-YLCARBONYL)-2-PHENYL-1H-IMIDAZOLE-5-CARBOXYLIC ACID,C15 H15 N3 O4,301.297,non-polymer,c1ccc(cc1)c2[nH]c(c(n2)C(=O)N3CCOCC3)C(=O)O,22,A,ligand,drug_like,2XP8_4FY_A1165,A,1165,22,0,2.666,False,False,1168.0,18.0,22.0,12.0,/data/lab_vm/append_only/inhibition/05_redock_benchmark/cases_1/receptors/2XP8/receptor.pdbqt,/data/lab_vm/append_only/inhibition/05_redock_benchmark/cases_1/refs/2XP8_4FY_A1165_ref.pdb,/data/lab_vm/append_only/inhibition/05_redock_benchmark/cases_1/boxes/2XP8_4FY_A1165.json,A,/data/lab_vm/append_only/inhibition/05_redock_benchmark/cases_1/refs_6vaj/2XP8_4FY_A1165_ref6vaj.pdb,0.421,111.0,True,1.0,3.21,True,case,,/data/lab_vm/append_only/inhibition/05_redock_benchmark/dock_1/self/2XP8_4FY_A1165/poses,/data/lab_vm/append_only/inhibition/05_redock_benchmark/dock_1/cross/poses,4.073700657320631,4.93828906238146,-6.7,-6.1,3,4.077535000685852,1.2513474374013434,17.0,1.244750686976019,9,4.474816522394065,9
2XP9,X-RAY DIFFRACTION,1.9,4G8,4-[BENZYL(CARBOXYMETHYL)CARBAMOYL]-2-PHENYL-1H-IMIDAZOLE-5-CARBOXYLIC ACID,C20 H17 N3 O5,379.366,non-polymer,c1ccc(cc1)CN(CC(=O)O)C(=O)c2c([nH]c(n2)c3ccccc3)C(=O)O,28,A,ligand,drug_like,2XP9_4G8_A1165,A,1165,28,0,2.671,False,False,1164.0,145.0,28.0,17.0,/data/lab_vm/append_only/inhibition/05_redock_benchmark/cases_1/receptors/2XP9/receptor.pdbqt,/data/lab_vm/append_only/inhibition/05_redock_benchmark/cases_1/refs/2XP9_4G8_A1165_ref.pdb,/data/lab_vm/append_only/inhibition/05_redock_benchmark/cases_1/boxes/2XP9_4G8_A1165.json,A,/data/lab_vm/append_only/inhibition/05_redock_benchmark/cases_1/refs_6vaj/2XP9_4G8_A1165_ref6vaj.pdb,0.363,111.0,True,1.0,3.93,True,case,,/data/lab_vm/append_only/inhibition/05_redock_benchmark/dock_1/self/2XP9_4G8_A1165/poses,/data/lab_vm/append_only/inhibition/05_redock_benchmark/dock_1/cross/poses,1.2269172896794167,5.768385689626321,-6.7,-6.4,7,1.235622630787525,1.235622630787525,17.7,1.0906497735622693,9,5.209492962714456,9
2XPA,X-RAY DIFFRACTION,1.9,4G5,4-[(2-amino-2-oxoethyl)(methyl)carbamoyl]-2-phenyl-1H-imidazole-5-carboxylic acid,C14 H14 N4 O4,302.285,non-polymer,CN(CC(=O)N)C(=O)c1c([nH]c(n1)c2ccccc2)C(=O)O,22,A,ligand,drug_like,2XPA_4G5_A1165,A,1165,22,0,2.78,False,False,1177.0,108.0,22.0,17.0,/data/lab_vm/append_only/inhibition/05_redock_benchmark/cases_1/receptors/2XPA/receptor.pdbqt,/data/lab_vm/append_only/inhibition/05_redock_benchmark/cases_1/refs/2XPA_4G5_A1165_ref.pdb,/data/lab_vm/append_only/inhibition/05_redock_benchmark/cases_1/boxes/2XPA_4G5_A1165.json,A,/data/lab_vm/append_only/inhibition/05_redock_benchmark/cases_1/refs_6vaj/2XPA_4G5_A1165_ref6vaj.pdb,0.371,111.0,True,1.0,3.42,True,case,,/data/lab_vm/append_only/inhibition/05_redock_benchmark/dock_1/self/2XPA_4G5_A1165/poses,/data/lab_vm/append_only/inhibition/05_redock_benchmark/dock_1/cross/poses,4.273159811278684,6.867152986235538,-6.2,-5.8,5,4.268355602038629,1.3622636241998765,17.1,1.409097067435223,9,3.9193289198303045,9
2XPB,X-RAY DIFFRACTION,2.0,4GE,5-[BENZYL(METHYL)CARBAMOYL]-2-(3-CHLOROPHENYL)-1H-IMIDAZOLE-4-CARBOXYLIC ACID,C19 H16 Cl N3 O3,369.802,non-polymer,CN(Cc1ccccc1)C(=O)c2c(nc([nH]2)c3cccc(c3)Cl)C(=O)O,26,A,ligand,drug_like,2XPB_4GE_A1165,A,1165,26,0,2.307,False,False,1165.0,104.0,26.0,9.0,/data/lab_vm/append_only/inhibition/05_redock_benchmark/cases_1/receptors/2XPB/receptor.pdbqt,/data/lab_vm/append_only/inhibition/05_redock_benchmark/cases_1/refs/2XPB_4GE_A1165_ref.pdb,/data/lab_vm/append_only/inhibition/05_redock_benchmark/cases_1/boxes/2XPB_4GE_A1165.json,A,/data/lab_vm/append_only/inhibition/05_redock_benchmark/cases_1/refs_6vaj/2XPB_4GE_A1165_ref6vaj.pdb,0.34,111.0,True,1.0,3.66,True,case,,/data/lab_vm/append_only/inhibition/05_redock_benchmark/dock_1/self/2XPB_4GE_A1165/poses,/data/lab_vm/append_only/inhibition/05_redock_benchmark/dock_1/cross/poses,6.354674070199159,6.570994451140792,-7.0,-7.0,5,6.305067821266416,1.9049246401407545,17.9,1.767661699708229,9,6.293722822109221,9
3IKD,X-RAY DIFFRACTION,2.0,J9Z,(2R)-2-[(1-benzothiophen-2-ylcarbonyl)amino]-3-phenylpropyl phosphate,C18 H16 N O5 P S,389.362,non-polymer,c1ccc(cc1)C[C@H](COP(=O)([O-])[O-])NC(=O)c2cc3ccccc3s2,26,"A,B",ligand,drug_like,3IKD_J9Z_A501,A,501,26,0,2.706,False,False,1750.0,474.0,84.0,0.0,/data/lab_vm/append_only/inhibition/05_redock_benchmark/cases_1/receptors/3IKD/receptor.pdbqt,/data/lab_vm/append_only/inhibition/05_redock_benchmark/cases_1/refs/3IKD_J9Z_A501_ref.pdb,/data/lab_vm/append_only/inhibition/05_redock_benchmark/cases_1/boxes/3IKD_J9Z_A501.json,A,/data/lab_vm/append_only/inhibition/05_redock_benchmark/cases_1/refs_6vaj/3IKD_J9Z_A501_ref6vaj.pdb,0.515,113.0,True,1.0,1.46,True,case,,/data/lab_vm/append_only/inhibition/05_redock_benchmark/dock_1/self/3IKD_J9Z_A501/poses,/data/lab_vm/append_only/inhibition/05_redock_benchmark/dock_1/cross/poses,5.073842698662349,2.4955805398282043,-7.5,-6.6,7,0.790829822207223,0.790829822207223,18.8,1.3166535961701136,9,2.232042588165516,9
3IKG,X-RAY DIFFRACTION,1.86,J8Z,(2R)-2-[(1-benzothiophen-2-ylcarbonyl)amino]-3-(3-methylphenyl)propyl phosphate,C19 H18 N O5 P S,403.389,non-polymer,Cc1cccc(c1)C[C@H](COP(=O)([O-])[O-])NC(=O)c2cc3ccccc3s2,27,"A,B",ligand,drug_like,3IKG_J8Z_A1,A,1,27,0,2.676,False,False,1781.0,167.0,54.0,0.0,/data/lab_vm/append_only/inhibition/05_redock_benchmark/cases_1/receptors/3IKG/receptor.pdbqt,/data/lab_vm/append_only/inhibition/05_redock_benchmark/cases_1/refs/3IKG_J8Z_A1_ref.pdb,/data/lab_vm/append_only/inhibition/05_redock_benchmark/cases_1/boxes/3IKG_J8Z_A1.json,A,/data/lab_vm/append_only/inhibition/05_redock_benchmark/cases_1/refs_6vaj/3IKG_J8Z_A1_ref6vaj.pdb,0.488,113.0,True,1.0,1.48,True,case,,/data/lab_vm/append_only/inhibition/05_redock_benchmark/dock_1/self/3IKG_J8Z_A1/poses,/data/lab_vm/append_only/inhibition/05_redock_benchmark/dock_1/cross/poses,0.7994233569915905,2.674076787728181,-7.5,-6.7,7,1.6164204394392685,0.7840621904661125,19.0,0.7994233569915905,9,2.26786603072874,9
3JYJ,X-RAY DIFFRACTION,1.87,JZI,"(2R,4E)-2-[(naphthalen-2-ylcarbonyl)amino]-5-phenylpent-4-enoic acid",C22 H19 N O3,345.391,non-polymer,c1ccc(cc1)/C=C/C[C@H](C(=O)O)NC(=O)c2ccc3ccccc3c2,26,"A,B",ligand,drug_like,3JYJ_JZI_A301,A,301,26,0,2.912,False,False,1768.0,125.0,52.0,0.0,/data/lab_vm/append_only/inhibition/05_redock_benchmark/cases_1/receptors/3JYJ/receptor.pdbqt,/data/lab_vm/append_only/inhibition/05_redock_benchmark/cases_1/refs/3JYJ_JZI_A301_ref.pdb,/data/lab_vm/append_only/inhibition/05_redock_benchmark/cases_1/boxes/3JYJ_JZI_A301.json,A,/data/lab_vm/append_only/inhibition/05_redock_benchmark/cases_1/refs_6vaj/3JYJ_JZI_A301_ref6vaj.pdb,0.479,113.0,True,1.0,1.96,True,case,,/data/lab_vm/append_only/inhibition/05_redock_benchmark/dock_1/self/3JYJ_JZI_A301/poses,/data/lab_vm/append_only/inhibition/05_redock_benchmark/dock_1/cross/poses,7.025271141769877,9.057742213156654,-7.6,-6.8,6,5.961744782037709,0.7268398141162986,17.7,0.5204694626377822,9,2.5590192833012604,9
3KAB,X-RAY DIFFRACTION,2.19,4BL,6-methyl-1H-indole-2-carboxylic acid,C10 H9 N O2,175.184,non-polymer,Cc1ccc2cc([nH]c2c1)C(=O)O,13,A,ligand,drug_like,3KAB_4BL_A166,A,166,13,0,2.683,False,False,1174.0,86.0,13.0,18.0,/data/lab_vm/append_only/inhibition/05_redock_benchmark/cases_1/receptors/3KAB/receptor.pdbqt,/data/lab_vm/append_only/inhibition/05_redock_benchmark/cases_1/refs/3KAB_4BL_A166_ref.pdb,/data/lab_vm/append_only/inhibition/05_redock_benchmark/cases_1/boxes/3KAB_4BL_A166.json,A,/data/lab_vm/append_only/inhibition/05_redock_benchmark/cases_1/refs_6vaj/3KAB_4BL_A166_ref6vaj.pdb,0.345,111.0,True,1.0,1.09,True,case,,/data/lab_vm/append_only/inhibition/05_redock_benchmark/dock_1/self/3KAB_4BL_A166/poses,/data/lab_vm/append_only/inhibition/05_redock_benchmark/dock_1/cross/poses,1.886555550773378,2.0435019527197005,-5.4,-5.5,1,2.05428911529774,1.756358558101216,14.6,1.0436277703649537,9,2.0435019527197005,9
3KAC,X-RAY DIFFRACTION,2.0,4BX,3-(1H-benzimidazol-2-yl)propanoic acid,C10 H10 N2 O2,190.199,non-polymer,c1ccc2c(c1)[nH]c(n2)CCC(=O)O,14,"A,B",ligand,drug_like,3KAC_4BX_A1,A,1,14,0,2.769,False,False,1795.0,224.0,28.0,0.0,/data/lab_vm/append_only/inhibition/05_redock_benchmark/cases_1/receptors/3KAC/receptor.pdbqt,/data/lab_vm/append_only/inhibition/05_redock_benchmark/cases_1/refs/3KAC_4BX_A1_ref.pdb,/data/lab_vm/append_only/inhibition/05_redock_benchmark/cases_1/boxes/3KAC_4BX_A1.json,A,/data/lab_vm/append_only/inhibition/05_redock_benchmark/cases_1/refs_6vaj/3KAC_4BX_A1_ref6vaj.pdb,0.535,113.0,True,1.0,2.1,True,case,,/data/lab_vm/append_only/inhibition/05_redock_benchmark/dock_1/self/3KAC_4BX_A1/poses,/data/lab_vm/append_only/inhibition/05_redock_benchmark/dock_1/cross/poses,0.9982410959854762,3.4785441228027736,-6.0,-5.5,3,0.987611259555094,0.7942304901151629,14.8,0.6871550043476362,9,3.170009125719176,9
3KAD,X-RAY DIFFRACTION,1.95,4C0,3-(1H-benzimidazol-2-yl)-N-(3-phenylpropanoyl)-D-alanine,C19 H19 N3 O3,337.372,non-polymer,c1ccc(cc1)CCC(=O)N[C@H](Cc2[nH]c3ccccc3n2)C(=O)O,25,A,ligand,drug_like,3KAD_4C0_A164,A,164,25,0,2.747,False,False,1169.0,165.0,25.0,24.0,/data/lab_vm/append_only/inhibition/05_redock_benchmark/cases_1/receptors/3KAD/receptor.pdbqt,/data/lab_vm/append_only/inhibition/05_redock_benchmark/cases_1/refs/3KAD_4C0_A164_ref.pdb,/data/lab_vm/append_only/inhibition/05_redock_benchmark/cases_1/boxes/3KAD_4C0_A164.json,A,/data/lab_vm/append_only/inhibition/05_redock_benchmark/cases_1/refs_6vaj/3KAD_4C0_A164_ref6vaj.pdb,0.356,110.0,True,1.0,2.0,True,case,,/data/lab_vm/append_only/inhibition/05_redock_benchmark/dock_1/self/3KAD_4C0_A164/poses,/data/lab_vm/append_only/inhibition/05_redock_benchmark/dock_1/cross/poses,5.31356739300444,5.4524406571736295,-6.0,-6.3,7,5.412889021585423,4.737285784075096,17.5,4.737112728234362,9,3.359020065435752,9
3KAF,X-RAY DIFFRACTION,2.3,4D9,3-(1H-benzimidazol-2-yl)-N-(1-benzothiophen-2-ylcarbonyl)-D-alanine,C19 H15 N3 O3 S,365.406,non-polymer,c1ccc2c(c1)cc(s2)C(=O)N[C@H](Cc3[nH]c4ccccc4n3)C(=O)O,26,A,ligand,drug_like,3KAF_4D9_A164,A,164,26,0,2.745,False,False,1152.0,48.0,26.0,0.0,/data/lab_vm/append_only/inhibition/05_redock_benchmark/cases_1/receptors/3KAF/receptor.pdbqt,/data/lab_vm/append_only/inhibition/05_redock_benchmark/cases_1/refs/3KAF_4D9_A164_ref.pdb,/data/lab_vm/append_only/inhibition/05_redock_benchmark/cases_1/boxes/3KAF_4D9_A164.json,A,/data/lab_vm/append_only/inhibition/05_redock_benchmark/cases_1/refs_6vaj/3KAF_4D9_A164_ref6vaj.pdb,0.412,110.0,True,1.0,2.03,True,case,,/data/lab_vm/append_only/inhibition/05_redock_benchmark/dock_1/self/3KAF_4D9_A164/poses,/data/lab_vm/append_only/inhibition/05_redock_benchmark/dock_1/cross/poses,7.8903113129574685,7.150063038990528,-7.0,-6.4,5,7.89218940569628,1.1897342463437273,17.5,1.5661967162033492,9,4.372118849113006,9
3KAG,X-RAY DIFFRACTION,1.9,4D7,3-(1H-benzimidazol-2-yl)-N-[(2-methylfuran-3-yl)carbonyl]-D-alanine,C16 H15 N3 O4,313.308,non-polymer,Cc1c(cco1)C(=O)N[C@H](Cc2[nH]c3ccccc3n2)C(=O)O,23,A,ligand,drug_like,3KAG_4D7_A164,A,164,23,0,2.697,False,False,1178.0,121.0,23.0,22.0,/data/lab_vm/append_only/inhibition/05_redock_benchmark/cases_1/receptors/3KAG/receptor.pdbqt,/data/lab_vm/append_only/inhibition/05_redock_benchmark/cases_1/refs/3KAG_4D7_A164_ref.pdb,/data/lab_vm/append_only/inhibition/05_redock_benchmark/cases_1/boxes/3KAG_4D7_A164.json,A,/data/lab_vm/append_only/inhibition/05_redock_benchmark/cases_1/refs_6vaj/3KAG_4D7_A164_ref6vaj.pdb,0.326,111.0,True,1.0,2.16,True,case,,/data/lab_vm/append_only/inhibition/05_redock_benchmark/dock_1/self/3KAG_4D7_A164/poses,/data/lab_vm/append_only/inhibition/05_redock_benchmark/dock_1/cross/poses,4.525558706800261,3.93019279867828,-6.7,-6.2,5,4.2623156647633405,1.5987902083871983,17.2,1.5516746073054493,9,3.899897964105572,9
3KAH,X-RAY DIFFRACTION,2.3,4DH,3-(1H-benzimidazol-2-yl)-N-[(1-methyl-3-phenyl-1H-pyrazol-5-yl)carbonyl]-D-alanine,C21 H19 N5 O3,389.407,non-polymer,Cn1c(cc(n1)c2ccccc2)C(=O)N[C@H](Cc3[nH]c4ccccc4n3)C(=O)O,29,A,ligand,drug_like,3KAH_4DH_A165,A,165,29,0,2.521,False,False,1180.0,112.0,29.0,24.0,/data/lab_vm/append_only/inhibition/05_redock_benchmark/cases_1/receptors/3KAH/receptor.pdbqt,/data/lab_vm/append_only/inhibition/05_redock_benchmark/cases_1/refs/3KAH_4DH_A165_ref.pdb,/data/lab_vm/append_only/inhibition/05_redock_benchmark/cases_1/boxes/3KAH_4DH_A165.json,A,/data/lab_vm/append_only/inhibition/05_redock_benchmark/cases_1/refs_6vaj/3KAH_4DH_A165_ref6vaj.pdb,0.361,111.0,True,1.0,2.56,True,case,,/data/lab_vm/append_only/inhibition/05_redock_benchmark/dock_1/self/3KAH_4DH_A165/poses,/data/lab_vm/append_only/inhibition/05_redock_benchmark/dock_1/cross/poses,0.9436493540761184,5.518194835394933,-7.3,-6.9,6,0.9784898815398454,0.973866184250991,17.9,0.9436493540761183,9,4.582038934044912,9
3KAI,X-RAY DIFFRACTION,1.9,4FI,(2R)-2-[(2-methyl-5-phenyl-pyrazol-3-yl)carbonylamino]-3-naphthalen-2-yl-propanoic acid,C24 H21 N3 O3,399.442,non-polymer,Cn1c(cc(n1)c2ccccc2)C(=O)N[C@H](Cc3ccc4ccccc4c3)C(=O)O,30,A,ligand,drug_like,3KAI_4FI_A165,A,165,30,0,3.068,False,False,1175.0,116.0,30.0,19.0,/data/lab_vm/append_only/inhibition/05_redock_benchmark/cases_1/receptors/3KAI/receptor.pdbqt,/data/lab_vm/append_only/inhibition/05_redock_benchmark/cases_1/refs/3KAI_4FI_A165_ref.pdb,/data/lab_vm/append_only/inhibition/05_redock_benchmark/cases_1/boxes/3KAI_4FI_A165.json,A,/data/lab_vm/append_only/inhibition/05_redock_benchmark/cases_1/refs_6vaj/3KAI_4FI_A165_ref6vaj.pdb,0.375,111.0,True,1.0,2.61,True,case,,/data/lab_vm/append_only/inhibition/05_redock_benchmark/dock_1/self/3KAI_4FI_A165/poses,/data/lab_vm/append_only/inhibition/05_redock_benchmark/dock_1/cross/poses,7.815618996599055,6.22072127114962,-7.5,-7.2,6,7.7944975570377,1.39781044256127,18.5,1.5109681664416366,9,5.711631728324226,9
3KCE,X-RAY DIFFRACTION,1.9,4BY,5-methyl-1H-indole-2-carboxylic acid,C10 H9 N O2,175.184,non-polymer,Cc1ccc2c(c1)cc([nH]2)C(=O)O,13,A,ligand,drug_like,3KCE_4BY_A165,A,165,13,0,3.008,False,False,1178.0,118.0,13.0,24.0,/data/lab_vm/append_only/inhibition/05_redock_benchmark/cases_1/receptors/3KCE/receptor.pdbqt,/data/lab_vm/append_only/inhibition/05_redock_benchmark/cases_1/refs/3KCE_4BY_A165_ref.pdb,/data/lab_vm/append_only/inhibition/05_redock_benchmark/cases_1/boxes/3KCE_4BY_A165.json,A,/data/lab_vm/append_only/inhibition/05_redock_benchmark/cases_1/refs_6vaj/3KCE_4BY_A165_ref6vaj.pdb,0.404,111.0,True,1.0,1.84,True,case,,/data/lab_vm/append_only/inhibition/05_redock_benchmark/dock_1/self/3KCE_4BY_A165/poses,/data/lab_vm/append_only/inhibition/05_redock_benchmark/dock_1/cross/poses,0.5673144562830139,2.7614307746305937,-5.1,-5.3,1,0.5501016689247963,0.5501016689247963,14.5,0.5673144562830139,9,2.559789714921009,9
3NTP,X-RAY DIFFRACTION,1.762,RZD,(2R)-2-(acetylamino)-3-[(2S)-2-{[2-(1H-indol-3-yl)ethyl]carbamoyl}pyrrolidin-1-yl]propyl dihydrogen phosphate,C20 H29 N4 O6 P,452.441,non-polymer,CC(=O)N[C@H](C[N@@]1CCC[C@H]1C(=O)NCCc2c[nH]c3c2cccc3)COP(=O)(O)O,31,A,ligand,drug_like,3NTP_RZD_A164,A,164,31,0,2.703,False,False,1194.0,86.0,31.0,25.0,/data/lab_vm/append_only/inhibition/05_redock_benchmark/cases_1/receptors/3NTP/receptor.pdbqt,/data/lab_vm/append_only/inhibition/05_redock_benchmark/cases_1/refs/3NTP_RZD_A164_ref.pdb,/data/lab_vm/append_only/inhibition/05_redock_benchmark/cases_1/boxes/3NTP_RZD_A164.json,A,/data/lab_vm/append_only/inhibition/05_redock_benchmark/cases_1/refs_6vaj/3NTP_RZD_A164_ref6vaj.pdb,0.405,112.0,True,1.0,1.86,True,case,,/data/lab_vm/append_only/inhibition/05_redock_benchmark/dock_1/self/3NTP_RZD_A164/poses,/data/lab_vm/append_only/inhibition/05_redock_benchmark/dock_1/cross/poses,1.1444897722171563,4.3647787883199465,-6.8,-5.8,10,1.2375796618217516,1.112905917247797,18.8,1.1444897722171565,9,3.9620966020367256,9
3ODK,X-RAY DIFFRACTION,2.3,ODK,3-pyridin-2-yl-1H-pyrazole-5-carboxylic acid,C9 H7 N3 O2,189.171,non-polymer,c1ccnc(c1)c2cc([nH]n2)C(=O)O,14,A,ligand,drug_like,3ODK_ODK_A165,A,165,14,0,3.038,False,False,1179.0,67.0,14.0,23.0,/data/lab_vm/append_only/inhibition/05_redock_benchmark/cases_1/receptors/3ODK/receptor.pdbqt,/data/lab_vm/append_only/inhibition/05_redock_benchmark/cases_1/refs/3ODK_ODK_A165_ref.pdb,/data/lab_vm/append_only/inhibition/05_redock_benchmark/cases_1/boxes/3ODK_ODK_A165.json,A,/data/lab_vm/append_only/inhibition/05_redock_benchmark/cases_1/refs_6vaj/3ODK_ODK_A165_ref6vaj.pdb,0.438,111.0,True,1.0,1.83,True,case,,/data/lab_vm/append_only/inhibition/05_redock_benchmark/dock_1/self/3ODK_ODK_A165/poses,/data/lab_vm/append_only/inhibition/05_redock_benchmark/dock_1/cross/poses,2.453870339455029,5.543355198536611,-5.8,-5.7,2,2.4950194531162624,0.8141331498681807,14.8,0.7971231756402873,9,5.508292469411136,9
3OOB,X-RAY DIFFRACTION,1.89,KDH,"(2R,3R)-5,7-dihydroxy-2-(3,4,5-trihydroxyphenyl)-3,4-dihydro-2H-chromen-3-yl 3,4,5-trihydroxybenzoate",C22 H18 O11,458.372,non-polymer,c1c(cc(c(c1O)O)O)[C@@H]2[C@@H](Cc3c(cc(cc3O2)O)O)OC(=O)c4cc(c(c(c4)O)O)O,33,A,ligand,drug_like,3OOB_KDH_A402,A,402,33,0,2.646,False,False,1205.0,117.0,66.0,40.0,/data/lab_vm/append_only/inhibition/05_redock_benchmark/cases_1/receptors/3OOB/receptor.pdbqt,/data/lab_vm/append_only/inhibition/05_redock_benchmark/cases_1/refs/3OOB_KDH_A402_ref.pdb,/data/lab_vm/append_only/inhibition/05_redock_benchmark/cases_1/boxes/3OOB_KDH_A402.json,A,/data/lab_vm/append_only/inhibition/05_redock_benchmark/cases_1/refs_6vaj/3OOB_KDH_A402_ref6vaj.pdb,0.386,111.0,True,0.0,32.36,False,case,,/data/lab_vm/append_only/inhibition/05_redock_benchmark/dock_1/self/3OOB_KDH_A402/poses,/data/lab_vm/append_only/inhibition/05_redock_benchmark/dock_1/cross/poses,11.290408499735918,35.006636788939424,-6.1,-6.7,3,9.560573410595932,6.575316298418079,18.9,10.14900333664704,9,34.98331004878894,9
3TC5,X-RAY DIFFRACTION,1.4,3T5,"(11alpha,16alpha)-9-fluoro-11,17-dihydroxy-16-methyl-3,20-dioxopregna-1,4-dien-21-yl dihydrogen phosphate",C22 H30 F O8 P,472.441,non-polymer,C[C@@H]1C[C@H]2[C@@H]3CCC4=CC(=O)C=C[C@@]4([C@]3([C@H](C[C@@]2([C@]1(C(=O)COP(=O)(O)O)O)C)O)F)C,32,A,ligand,drug_like,3TC5_3T5_A164,A,164,32,0,2.584,False,False,1135.0,285.0,32.0,0.0,/data/lab_vm/append_only/inhibition/05_redock_benchmark/cases_1/receptors/3TC5/receptor.pdbqt,/data/lab_vm/append_only/inhibition/05_redock_benchmark/cases_1/refs/3TC5_3T5_A164_ref.pdb,/data/lab_vm/append_only/inhibition/05_redock_benchmark/cases_1/boxes/3TC5_3T5_A164.json,A,/data/lab_vm/append_only/inhibition/05_redock_benchmark/cases_1/refs_6vaj/3TC5_3T5_A164_ref6vaj.pdb,0.4,111.0,True,1.0,2.16,True,case,,/data/lab_vm/append_only/inhibition/05_redock_benchmark/dock_1/self/3TC5_3T5_A164/poses,/data/lab_vm/append_only/inhibition/05_redock_benchmark/dock_1/cross/poses,0.5074647155221729,6.022377434929664,-10.2,-6.2,4,0.5178448428342215,0.5178448428342215,19.4,0.5074647155221729,9,4.592803045254608,9
3TCZ,X-RAY DIFFRACTION,2.1,R2Z,"N~2~-({(1R,2Z)-2-[(2R)-2-(formylamino)-3-(phosphonooxy)propylidene]cyclopentyl}carbonyl)-L-argininamide",C16 H29 N6 O7 P,448.411,non-polymer,[H]/N=C(\N)/NCCC[C@@H](C(=O)N)NC(=O)[C@@H]\1CCC/C1=C/[C@H](COP(=O)(O)O)NC=O,30,A,ligand,drug_like,3TCZ_R2Z_A1,A,1,30,0,2.586,False,False,1188.0,87.0,30.0,24.0,/data/lab_vm/append_only/inhibition/05_redock_benchmark/cases_1/receptors/3TCZ/receptor.pdbqt,/data/lab_vm/append_only/inhibition/05_redock_benchmark/cases_1/refs/3TCZ_R2Z_A1_ref.pdb,/data/lab_vm/append_only/inhibition/05_redock_benchmark/cases_1/boxes/3TCZ_R2Z_A1.json,A,/data/lab_vm/append_only/inhibition/05_redock_benchmark/cases_1/refs_6vaj/3TCZ_R2Z_A1_ref6vaj.pdb,0.357,111.0,True,1.0,2.23,True,case,,/data/lab_vm/append_only/inhibition/05_redock_benchmark/dock_1/self/3TCZ_R2Z_A1/poses,/data/lab_vm/append_only/inhibition/05_redock_benchmark/dock_1/cross/poses,,,,,13,,,18.6,,0,,0
3TDB,X-RAY DIFFRACTION,2.267,3TB,"N-[(1E,2R)-1-[(2R)-2-{[(2S)-1-amino-5-carbamimidamido-1-oxopentan-2-yl]carbamoyl}cyclopentylidene]-3-(phosphonooxy)propan-2-yl]-L-phenylalaninamide",C24 H38 N7 O7 P,567.575,non-polymer,[H]/N=C(\N)/NCCC[C@@H](C(=O)N)NC(=O)[C@@H]\1CCC/C1=C\[C@H](COP(=O)(O)O)NC(=O)[C@H](Cc2ccccc2)N,39,A,ligand,drug_like,3TDB_3TB_A1,A,1,39,0,2.925,False,False,1188.0,64.0,39.0,24.0,/data/lab_vm/append_only/inhibition/05_redock_benchmark/cases_1/receptors/3TDB/receptor.pdbqt,/data/lab_vm/append_only/inhibition/05_redock_benchmark/cases_1/refs/3TDB_3TB_A1_ref.pdb,/data/lab_vm/append_only/inhibition/05_redock_benchmark/cases_1/boxes/3TDB_3TB_A1.json,A,/data/lab_vm/append_only/inhibition/05_redock_benchmark/cases_1/refs_6vaj/3TDB_3TB_A1_ref6vaj.pdb,0.369,111.0,True,1.0,3.08,True,case,,/data/lab_vm/append_only/inhibition/05_redock_benchmark/dock_1/self/3TDB_3TB_A1/poses,/data/lab_vm/append_only/inhibition/05_redock_benchmark/dock_1/cross/poses,,,,,15,,,20.1,,0,,0
4TNS,X-RAY DIFFRACTION,1.33,REA,RETINOIC ACID,C20 H28 O2,300.435,non-polymer,CC1=C(C(CCC1)(C)C)/C=C/C(=C/C=C/C(=C/C(=O)O)/C)/C,22,A,ligand,drug_like,4TNS_REA_A201,A,201,22,0,2.399,False,False,1784.0,127.0,22.0,0.0,/data/lab_vm/append_only/inhibition/05_redock_benchmark/cases_1/receptors/4TNS/receptor.pdbqt,/data/lab_vm/append_only/inhibition/05_redock_benchmark/cases_1/refs/4TNS_REA_A201_ref.pdb,/data/lab_vm/append_only/inhibition/05_redock_benchmark/cases_1/boxes/4TNS_REA_A201.json,A,/data/lab_vm/append_only/inhibition/05_redock_benchmark/cases_1/refs_6vaj/4TNS_REA_A201_ref6vaj.pdb,0.516,113.0,True,1.0,3.13,True,case,,/data/lab_vm/append_only/inhibition/05_redock_benchmark/dock_1/self/4TNS_REA_A201/poses,/data/lab_vm/append_only/inhibition/05_redock_benchmark/dock_1/cross/poses,7.325612735774766,7.537595185589247,-5.7,-5.8,5,3.4969849221085507,2.631138485004681,18.3,2.6716900252291786,9,3.630099854624588,9
4TYO,X-RAY DIFFRACTION,1.75,39X,3-(6-fluoro-1H-benzimidazol-2-yl)-N-(naphthalen-2-ylcarbonyl)-D-alanine,C21 H16 F N3 O3,377.368,non-polymer,c1ccc2cc(ccc2c1)C(=O)N[C@H](Cc3[nH]c4cc(ccc4n3)F)C(=O)O,28,"A,B",ligand,drug_like,4TYO_39X_A201,A,201,28,0,2.742,False,False,1778.0,173.0,86.0,0.0,/data/lab_vm/append_only/inhibition/05_redock_benchmark/cases_1/receptors/4TYO/receptor.pdbqt,/data/lab_vm/append_only/inhibition/05_redock_benchmark/cases_1/refs/4TYO_39X_A201_ref.pdb,/data/lab_vm/append_only/inhibition/05_redock_benchmark/cases_1/boxes/4TYO_39X_A201.json,A,/data/lab_vm/append_only/inhibition/05_redock_benchmark/cases_1/refs_6vaj/4TYO_39X_A201_ref6vaj.pdb,0.468,113.0,True,1.0,1.57,True,case,,/data/lab_vm/append_only/inhibition/05_redock_benchmark/dock_1/self/4TYO_39X_A201/poses,/data/lab_vm/append_only/inhibition/05_redock_benchmark/dock_1/cross/poses,0.6442664710461702,3.411672311973369,-7.7,-7.0,5,0.6058761070902674,0.6058761070902674,18.2,0.6442664710461702,9,2.8113394812031203,9
9INR,X-RAY DIFFRACTION,1.93,A1D9K,"~{N}-[(2~{S})-3-[1-[4-(4-cyanophenyl)phenyl]-1,2,3-triazol-4-yl]-1-[(3-oxidanylcyclobutyl)amino]-1-oxidanylidene-propan-2-yl]-1-phenyl-cyclopropane-1-carboxamid",C32 H30 N6 O3,546.619,non-polymer,c1ccc(cc1)C2(CC2)C(=O)N[C@@H](Cc3cn(nn3)c4ccc(cc4)c5ccc(cc5)C#N)C(=O)NC6CC(C6)O,41,"A,B",ligand,drug_like,9INR_A1D9K_A201,A,201,41,0,2.833,False,False,2329.0,160.0,140.0,41.0,/data/lab_vm/append_only/inhibition/05_redock_benchmark/cases_1/receptors/9INR/receptor.pdbqt,/data/lab_vm/append_only/inhibition/05_redock_benchmark/cases_1/refs/9INR_A1D9K_A201_ref.pdb,/data/lab_vm/append_only/inhibition/05_redock_benchmark/cases_1/boxes/9INR_A1D9K_A201.json,A,/data/lab_vm/append_only/inhibition/05_redock_benchmark/cases_1/refs_6vaj/9INR_A1D9K_A201_ref6vaj.pdb,0.363,111.0,True,1.0,2.56,True,case,,/data/lab_vm/append_only/inhibition/05_redock_benchmark/dock_1/self/9INR_A1D9K_A201/poses,/data/lab_vm/append_only/inhibition/05_redock_benchmark/dock_1/cross/poses,8.341097104244684,12.333370599372396,-9.4,-6.9,9,6.413962878352045,5.179543187786578,21.7,6.349581601349424,9,3.7048496562761835,9
9JYO,X-RAY DIFFRACTION,1.6,A1EDY,2-(4-aminophenyl)ethanoic acid,C8 H9 N O2,151.163,non-polymer,c1cc(ccc1CC(=O)O)N,11,A,ligand,drug_like,9JYO_A1EDY_A301,A,301,11,0,2.625,False,False,1189.0,174.0,11.0,25.0,/data/lab_vm/append_only/inhibition/05_redock_benchmark/cases_1/receptors/9JYO/receptor.pdbqt,/data/lab_vm/append_only/inhibition/05_redock_benchmark/cases_1/refs/9JYO_A1EDY_A301_ref.pdb,/data/lab_vm/append_only/inhibition/05_redock_benchmark/cases_1/boxes/9JYO_A1EDY_A301.json,A,/data/lab_vm/append_only/inhibition/05_redock_benchmark/cases_1/refs_6vaj/9JYO_A1EDY_A301_ref6vaj.pdb,0.4,111.0,True,1.0,1.38,True,case,,/data/lab_vm/append_only/inhibition/05_redock_benchmark/dock_1/self/9JYO_A1EDY_A301/poses,/data/lab_vm/append_only/inhibition/05_redock_benchmark/dock_1/cross/poses,14.157897718876972,1.641319923387604,-4.5,-4.7,2,2.0598869562981537,1.127558303269825,14.4,1.118940204755456,9,1.641319923387604,9
9JYP,X-RAY DIFFRACTION,1.6,A1EDZ,4-oxidanylidene-4-thiophen-2-yl-butanoic acid,C8 H8 O3 S,184.212,non-polymer,c1cc(sc1)C(=O)CCC(=O)O,12,A,ligand,drug_like,9JYP_A1EDZ_A301,A,301,12,0,2.589,False,False,1186.0,206.0,12.0,22.0,/data/lab_vm/append_only/inhibition/05_redock_benchmark/cases_1/receptors/9JYP/receptor.pdbqt,/data/lab_vm/append_only/inhibition/05_redock_benchmark/cases_1/refs/9JYP_A1EDZ_A301_ref.pdb,/data/lab_vm/append_only/inhibition/05_redock_benchmark/cases_1/boxes/9JYP_A1EDZ_A301.json,A,/data/lab_vm/append_only/inhibition/05_redock_benchmark/cases_1/refs_6vaj/9JYP_A1EDZ_A301_ref6vaj.pdb,0.384,111.0,True,1.0,2.97,True,case,,/data/lab_vm/append_only/inhibition/05_redock_benchmark/dock_1/self/9JYP_A1EDZ_A301/poses,/data/lab_vm/append_only/inhibition/05_redock_benchmark/dock_1/cross/poses,4.386537966703735,3.407883568531452,-4.8,-5.0,4,4.542861038670087,4.089983078612104,14.7,4.116258920427625,9,2.5311242396742726,9
9JYR,X-RAY DIFFRACTION,1.65,A1ED0,1H-indol-4-ylmethanol,C9 H9 N O,147.174,non-polymer,c1cc(c2cc[nH]c2c1)CO,11,A,ligand,fragment,9JYR_A1ED0_A301,A,301,11,0,2.842,False,False,1189.0,145.0,22.0,25.0,/data/lab_vm/append_only/inhibition/05_redock_benchmark/cases_1/receptors/9JYR/receptor.pdbqt,/data/lab_vm/append_only/inhibition/05_redock_benchmark/cases_1/refs/9JYR_A1ED0_A301_ref.pdb,/data/lab_vm/append_only/inhibition/05_redock_benchmark/cases_1/boxes/9JYR_A1ED0_A301.json,A,/data/lab_vm/append_only/inhibition/05_redock_benchmark/cases_1/refs_6vaj/9JYR_A1ED0_A301_ref6vaj.pdb,0.348,111.0,True,1.0,1.45,True,case,,/data/lab_vm/append_only/inhibition/05_redock_benchmark/dock_1/self/9JYR_A1ED0_A301/poses,/data/lab_vm/append_only/inhibition/05_redock_benchmark/dock_1/cross/poses,2.959940739578782,1.7567840452993015,-5.3,-5.1,1,2.967843615703619,1.2174273545622205,13.9,1.2172981632212463,9,1.7567840452993015,9
9JYS,X-RAY DIFFRACTION,1.75,A1ED1,"4-(aminomethyl)-N,N-dimethyl-aniline",C9 H14 N2,150.221,non-polymer,CN(C)c1ccc(cc1)CN,11,A,ligand,drug_like,9JYS_A1ED1_A301,A,301,11,0,3.137,False,False,1189.0,138.0,11.0,25.0,/data/lab_vm/append_only/inhibition/05_redock_benchmark/cases_1/receptors/9JYS/receptor.pdbqt,/data/lab_vm/append_only/inhibition/05_redock_benchmark/cases_1/refs/9JYS_A1ED1_A301_ref.pdb,/data/lab_vm/append_only/inhibition/05_redock_benchmark/cases_1/boxes/9JYS_A1ED1_A301.json,A,/data/lab_vm/append_only/inhibition/05_redock_benchmark/cases_1/refs_6vaj/9JYS_A1ED1_A301_ref6vaj.pdb,0.375,111.0,True,1.0,1.12,True,case,,/data/lab_vm/append_only/inhibition/05_redock_benchmark/dock_1/self/9JYS_A1ED1_A301/poses,/data/lab_vm/append_only/inhibition/05_redock_benchmark/dock_1/cross/poses,14.939383594439835,4.425457767795944,-3.9,-4.2,2,1.7210438428729555,1.4539490112355131,14.7,1.6732721617455808,9,4.424496725360669,9
9JYT,X-RAY DIFFRACTION,1.85,A1EDX,Idramantone,C10 H14 O2,166.217,non-polymer,C1[C@@H]2CC3(C[C@@H](C2=O)CC1C3)O,12,A,ligand,drug_like,9JYT_A1EDX_A202,A,202,12,12,2.951,False,False,1180.0,146.0,24.0,25.0,/data/lab_vm/append_only/inhibition/05_redock_benchmark/cases_1/receptors/9JYT/receptor.pdbqt,/data/lab_vm/append_only/inhibition/05_redock_benchmark/cases_1/refs/9JYT_A1EDX_A202_ref.pdb,/data/lab_vm/append_only/inhibition/05_redock_benchmark/cases_1/boxes/9JYT_A1EDX_A202.json,A,/data/lab_vm/append_only/inhibition/05_redock_benchmark/cases_1/refs_6vaj/9JYT_A1EDX_A202_ref6vaj.pdb,0.365,111.0,True,1.0,1.34,True,case,,/data/lab_vm/append_only/inhibition/05_redock_benchmark/dock_1/self/9JYT_A1EDX_A202/poses,/data/lab_vm/append_only/inhibition/05_redock_benchmark/dock_1/cross/poses,3.047146397314488,1.915179604284325,-5.7,-5.7,0,3.052436130917949,1.848945149718257,13.7,1.860658664738557,9,1.834601977723415,9
9JYV,X-RAY DIFFRACTION,1.8,A1ED2,1-methylpyridin-2-one,C6 H7 N O,109.126,non-polymer,CN1C=CC=CC1=O,8,A,ligand,fragment,9JYV_A1ED2_A202,A,202,8,0,2.943,False,False,1189.0,126.0,16.0,25.0,/data/lab_vm/append_only/inhibition/05_redock_benchmark/cases_1/receptors/9JYV/receptor.pdbqt,/data/lab_vm/append_only/inhibition/05_redock_benchmark/cases_1/refs/9JYV_A1ED2_A202_ref.pdb,/data/lab_vm/append_only/inhibition/05_redock_benchmark/cases_1/boxes/9JYV_A1ED2_A202.json,A,/data/lab_vm/append_only/inhibition/05_redock_benchmark/cases_1/refs_6vaj/9JYV_A1ED2_A202_ref6vaj.pdb,0.377,111.0,True,1.0,2.4,True,case,,/data/lab_vm/append_only/inhibition/05_redock_benchmark/dock_1/self/9JYV_A1ED2_A202/poses,/data/lab_vm/append_only/inhibition/05_redock_benchmark/dock_1/cross/poses,2.5227533569495058,3.1377074433413976,-4.0,-4.5,0,2.5290073151337458,2.5290073151337458,13.1,2.5227533569495058,9,2.535358998248572,9
9JZ2,X-RAY DIFFRACTION,1.55,A1ED3,N-(5-azanyl-2-methyl-phenyl)ethanamide,C9 H12 N2 O,164.204,non-polymer,Cc1ccc(cc1NC(=O)C)N,12,A,ligand,drug_like,9JZ2_A1ED3_A301,A,301,12,0,2.789,False,False,1189.0,188.0,48.0,25.0,/data/lab_vm/append_only/inhibition/05_redock_benchmark/cases_1/receptors/9JZ2/receptor.pdbqt,/data/lab_vm/append_only/inhibition/05_redock_benchmark/cases_1/refs/9JZ2_A1ED3_A301_ref.pdb,/data/lab_vm/append_only/inhibition/05_redock_benchmark/cases_1/boxes/9JZ2_A1ED3_A301.json,A,/data/lab_vm/append_only/inhibition/05_redock_benchmark/cases_1/refs_6vaj/9JZ2_A1ED3_A301_ref6vaj.pdb,0.381,111.0,True,1.0,8.2,True,case,,/data/lab_vm/append_only/inhibition/05_redock_benchmark/dock_1/self/9JZ2_A1ED3_A301/poses,/data/lab_vm/append_only/inhibition/05_redock_benchmark/dock_1/cross/poses,11.72886014282718,9.929876723806796,-4.7,-5.3,1,8.300285984028903,4.519935434642106,14.8,8.951446815087118,9,9.802318084684527,9
9JZ3,X-RAY DIFFRACTION,1.98,A1ED4,3H-benzimidazol-5-ylmethanol,C8 H8 N2 O,148.162,non-polymer,c1cc2c(cc1CO)[nH]cn2,11,A,ligand,fragment,9JZ3_A1ED4_A301,A,301,11,0,2.606,False,False,1189.0,94.0,11.0,25.0,/data/lab_vm/append_only/inhibition/05_redock_benchmark/cases_1/receptors/9JZ3/receptor.pdbqt,/data/lab_vm/append_only/inhibition/05_redock_benchmark/cases_1/refs/9JZ3_A1ED4_A301_ref.pdb,/data/lab_vm/append_only/inhibition/05_redock_benchmark/cases_1/boxes/9JZ3_A1ED4_A301.json,A,/data/lab_vm/append_only/inhibition/05_redock_benchmark/cases_1/refs_6vaj/9JZ3_A1ED4_A301_ref6vaj.pdb,0.349,111.0,True,1.0,1.5,True,case,,/data/lab_vm/append_only/inhibition/05_redock_benchmark/dock_1/self/9JZ3_A1ED4_A301/poses,/data/lab_vm/append_only/inhibition/05_redock_benchmark/dock_1/cross/poses,2.122292456926536,2.080586739796777,-4.6,-5.2,1,2.178068472919819,2.178068472919819,14.1,2.122292456926536,9,2.0805867397967774,9
9JZ4,X-RAY DIFFRACTION,1.82,A1ED5,"1,3-dihydro-2-benzofuran-5-amine",C8 H9 N O,135.163,non-polymer,c1cc2c(cc1N)COC2,10,A,ligand,fragment,9JZ4_A1ED5_A301,A,301,10,0,3.12,False,False,1188.0,121.0,10.0,24.0,/data/lab_vm/append_only/inhibition/05_redock_benchmark/cases_1/receptors/9JZ4/receptor.pdbqt,/data/lab_vm/append_only/inhibition/05_redock_benchmark/cases_1/refs/9JZ4_A1ED5_A301_ref.pdb,/data/lab_vm/append_only/inhibition/05_redock_benchmark/cases_1/boxes/9JZ4_A1ED5_A301.json,A,/data/lab_vm/append_only/inhibition/05_redock_benchmark/cases_1/refs_6vaj/9JZ4_A1ED5_A301_ref6vaj.pdb,0.378,111.0,True,1.0,1.85,True,case,,/data/lab_vm/append_only/inhibition/05_redock_benchmark/dock_1/self/9JZ4_A1ED5_A301/poses,/data/lab_vm/append_only/inhibition/05_redock_benchmark/dock_1/cross/poses,13.508059061167891,13.419104672071086,-4.3,-4.5,0,0.3721385494678015,0.3721385494678015,13.8,0.3685428061975972,9,2.102811903143027,9
9JZ6,X-RAY DIFFRACTION,1.65,A1ED7,"1,3,4-thiadiazol-2-amine",C2 H3 N3 S,101.13,non-polymer,c1nnc(s1)N,6,A,ligand,fragment,9JZ6_A1ED7_A301,A,301,6,0,2.886,False,False,1189.0,111.0,6.0,25.0,/data/lab_vm/append_only/inhibition/05_redock_benchmark/cases_1/receptors/9JZ6/receptor.pdbqt,/data/lab_vm/append_only/inhibition/05_redock_benchmark/cases_1/refs/9JZ6_A1ED7_A301_ref.pdb,/data/lab_vm/append_only/inhibition/05_redock_benchmark/cases_1/boxes/9JZ6_A1ED7_A301.json,A,/data/lab_vm/append_only/inhibition/05_redock_benchmark/cases_1/refs_6vaj/9JZ6_A1ED7_A301_ref6vaj.pdb,0.345,111.0,True,1.0,2.7,True,case,,/data/lab_vm/append_only/inhibition/05_redock_benchmark/dock_1/self/9JZ6_A1ED7_A301/poses,/data/lab_vm/append_only/inhibition/05_redock_benchmark/dock_1/cross/poses,12.318686740070955,1.6518462398177391,-3.3,-3.7,0,8.16285774101203,1.196086814017557,12.6,10.801986931424548,9,1.6518462398177391,9
9JZG,X-RAY DIFFRACTION,1.76,A1ED8,2-(4-hydroxyphenyl)ethanamide,C8 H9 N O2,151.163,non-polymer,c1cc(ccc1CC(=O)N)O,11,A,ligand,drug_like,9JZG_A1ED8_A301,A,301,11,0,2.493,False,False,1189.0,144.0,11.0,25.0,/data/lab_vm/append_only/inhibition/05_redock_benchmark/cases_1/receptors/9JZG/receptor.pdbqt,/data/lab_vm/append_only/inhibition/05_redock_benchmark/cases_1/refs/9JZG_A1ED8_A301_ref.pdb,/data/lab_vm/append_only/inhibition/05_redock_benchmark/cases_1/boxes/9JZG_A1ED8_A301.json,A,/data/lab_vm/append_only/inhibition/05_redock_benchmark/cases_1/refs_6vaj/9JZG_A1ED8_A301_ref6vaj.pdb,0.349,111.0,True,1.0,1.36,True,case,,/data/lab_vm/append_only/inhibition/05_redock_benchmark/dock_1/self/9JZG_A1ED8_A301/poses,/data/lab_vm/append_only/inhibition/05_redock_benchmark/dock_1/cross/poses,15.492042197675085,14.186860015201006,-4.9,-4.6,2,3.545278768369921,3.5355038216253254,14.4,3.5532358747792383,9,1.8351606072890334,9
9JZS,X-RAY DIFFRACTION,1.91,A1AT6,"(2S)-2,3-dihydro-1H-indole-2-carboxylic acid",C9 H9 N O2,163.173,L-peptide linking,c1ccc2c(c1)C[C@H](N2)C(=O)O,12,A,ligand,drug_like,9JZS_A1AT6_A301,A,301,12,0,2.528,False,False,1189.0,108.0,12.0,25.0,/data/lab_vm/append_only/inhibition/05_redock_benchmark/cases_1/receptors/9JZS/receptor.pdbqt,/data/lab_vm/append_only/inhibition/05_redock_benchmark/cases_1/refs/9JZS_A1AT6_A301_ref.pdb,/data/lab_vm/append_only/inhibition/05_redock_benchmark/cases_1/boxes/9JZS_A1AT6_A301.json,A,/data/lab_vm/append_only/inhibition/05_redock_benchmark/cases_1/refs_6vaj/9JZS_A1AT6_A301_ref6vaj.pdb,0.375,111.0,True,1.0,1.84,True,case,,/data/lab_vm/append_only/inhibition/05_redock_benchmark/dock_1/self/9JZS_A1AT6_A301/poses,/data/lab_vm/append_only/inhibition/05_redock_benchmark/dock_1/cross/poses,14.226852878740727,3.7598328420290175,-5.2,-5.5,1,4.050990105311705,2.057997165530928,14.0,2.004384028407064,9,2.1227063503932904,9
9JZU,X-RAY DIFFRACTION,1.68,A1ED9,1-(1H-pyrrol-3-yl)ethanone,C6 H7 N O,109.126,non-polymer,CC(=O)c1cc[nH]c1,8,A,ligand,fragment,9JZU_A1ED9_A301,A,301,8,0,3.0,False,False,1189.0,133.0,24.0,25.0,/data/lab_vm/append_only/inhibition/05_redock_benchmark/cases_1/receptors/9JZU/receptor.pdbqt,/data/lab_vm/append_only/inhibition/05_redock_benchmark/cases_1/refs/9JZU_A1ED9_A301_ref.pdb,/data/lab_vm/append_only/inhibition/05_redock_benchmark/cases_1/boxes/9JZU_A1ED9_A301.json,A,/data/lab_vm/append_only/inhibition/05_redock_benchmark/cases_1/refs_6vaj/9JZU_A1ED9_A301_ref6vaj.pdb,0.362,111.0,True,1.0,1.93,True,case,,/data/lab_vm/append_only/inhibition/05_redock_benchmark/dock_1/self/9JZU_A1ED9_A301/poses,/data/lab_vm/append_only/inhibition/05_redock_benchmark/dock_1/cross/poses,15.795437786747158,12.895985867703176,-4.1,-4.3,1,1.6040646417772568,1.2985775390788192,13.3,1.7917208906523359,9,1.6037868078394955,9
9JZV,X-RAY DIFFRACTION,1.9,A1EEA,"1,3-dimethylimidazolidin-2-one",C5 H10 N2 O,114.146,non-polymer,CN1CCN(C1=O)C,8,A,ligand,fragment,9JZV_A1EEA_A202,A,202,8,0,3.08,False,False,1189.0,96.0,8.0,25.0,/data/lab_vm/append_only/inhibition/05_redock_benchmark/cases_1/receptors/9JZV/receptor.pdbqt,/data/lab_vm/append_only/inhibition/05_redock_benchmark/cases_1/refs/9JZV_A1EEA_A202_ref.pdb,/data/lab_vm/append_only/inhibition/05_redock_benchmark/cases_1/boxes/9JZV_A1EEA_A202.json,A,/data/lab_vm/append_only/inhibition/05_redock_benchmark/cases_1/refs_6vaj/9JZV_A1EEA_A202_ref6vaj.pdb,0.499,111.0,True,1.0,2.65,True,case,,/data/lab_vm/append_only/inhibition/05_redock_benchmark/dock_1/self/9JZV_A1EEA_A202/poses,/data/lab_vm/append_only/inhibition/05_redock_benchmark/dock_1/cross/poses,16.06581017642746,3.0079952626292483,-3.4,-3.9,0,3.239770940977156,2.6355806049142183,13.4,2.6430432270396187,9,2.3359447499887485,9
9KE5,X-RAY DIFFRACTION,2.05,A1EE3,"4-prop-2-ynyl-1,4-thiazinane 1,1-dioxide",C7 H11 N O2 S,173.233,non-polymer,C#CCN1CCS(=O)(=O)CC1,11,A,ligand,drug_like,9KE5_A1EE3_A202,A,202,11,0,2.66,False,False,1189.0,93.0,11.0,25.0,/data/lab_vm/append_only/inhibition/05_redock_benchmark/cases_1/receptors/9KE5/receptor.pdbqt,/data/lab_vm/append_only/inhibition/05_redock_benchmark/cases_1/refs/9KE5_A1EE3_A202_ref.pdb,/data/lab_vm/append_only/inhibition/05_redock_benchmark/cases_1/boxes/9KE5_A1EE3_A202.json,A,/data/lab_vm/append_only/inhibition/05_redock_benchmark/cases_1/refs_6vaj/9KE5_A1EE3_A202_ref6vaj.pdb,0.38,111.0,True,1.0,1.62,True,case,,/data/lab_vm/append_only/inhibition/05_redock_benchmark/dock_1/self/9KE5_A1EE3_A202/poses,/data/lab_vm/append_only/inhibition/05_redock_benchmark/dock_1/cross/poses,14.606376334887573,4.320996412865902,-4.3,-4.5,1,4.171755930714852,0.5152543943617469,13.9,1.2681472527058735,9,0.673981183983378,9
9KE7,X-RAY DIFFRACTION,1.68,A1EE7,N-ethyl-4-fluoranyl-benzenesulfonamide,C8 H10 F N O2 S,203.234,non-polymer,CCNS(=O)(=O)c1ccc(cc1)F,13,A,ligand,drug_like,9KE7_A1EE7_A301,A,301,13,0,3.211,False,False,1180.0,155.0,13.0,25.0,/data/lab_vm/append_only/inhibition/05_redock_benchmark/cases_1/receptors/9KE7/receptor.pdbqt,/data/lab_vm/append_only/inhibition/05_redock_benchmark/cases_1/refs/9KE7_A1EE7_A301_ref.pdb,/data/lab_vm/append_only/inhibition/05_redock_benchmark/cases_1/boxes/9KE7_A1EE7_A301.json,A,/data/lab_vm/append_only/inhibition/05_redock_benchmark/cases_1/refs_6vaj/9KE7_A1EE7_A301_ref6vaj.pdb,0.354,111.0,True,1.0,8.21,True,case,,/data/lab_vm/append_only/inhibition/05_redock_benchmark/dock_1/self/9KE7_A1EE7_A301/poses,/data/lab_vm/append_only/inhibition/05_redock_benchmark/dock_1/cross/poses,10.4659865976189,9.441088561748016,-4.9,-5.0,3,8.395570691190041,7.805729384930611,14.5,9.887407694794268,9,9.440573344713926,9
9KE9,X-RAY DIFFRACTION,2.25,A1BDV,"(2H-1,3-benzodioxol-5-yl)methanol",C8 H8 O3,152.147,non-polymer,c1cc2c(cc1CO)OCO2,11,A,ligand,drug_like,9KE9_A1BDV_A201,A,201,11,0,2.431,False,False,1189.0,67.0,22.0,25.0,/data/lab_vm/append_only/inhibition/05_redock_benchmark/cases_1/receptors/9KE9/receptor.pdbqt,/data/lab_vm/append_only/inhibition/05_redock_benchmark/cases_1/refs/9KE9_A1BDV_A201_ref.pdb,/data/lab_vm/append_only/inhibition/05_redock_benchmark/cases_1/boxes/9KE9_A1BDV_A201.json,A,/data/lab_vm/append_only/inhibition/05_redock_benchmark/cases_1/refs_6vaj/9KE9_A1BDV_A201_ref6vaj.pdb,0.381,111.0,True,1.0,1.55,True,case,,/data/lab_vm/append_only/inhibition/05_redock_benchmark/dock_1/self/9KE9_A1BDV_A201/poses,/data/lab_vm/append_only/inhibition/05_redock_benchmark/dock_1/cross/poses,2.0000487721325926,2.0080462915707176,-5.0,-5.3,1,2.065642845129904,2.0574450174913563,14.1,2.0000487721325926,9,2.0080462915707176,9
9KEB,X-RAY DIFFRACTION,1.65,A1EE8,"[2-(4-methyl-1,4-diazepan-1-yl)phenyl]methanol",C13 H20 N2 O,220.311,non-polymer,CN1CCCN(CC1)c2ccccc2CO,16,A,ligand,drug_like,9KEB_A1EE8_A301,A,301,16,0,2.774,False,False,1180.0,175.0,16.0,25.0,/data/lab_vm/append_only/inhibition/05_redock_benchmark/cases_1/receptors/9KEB/receptor.pdbqt,/data/lab_vm/append_only/inhibition/05_redock_benchmark/cases_1/refs/9KEB_A1EE8_A301_ref.pdb,/data/lab_vm/append_only/inhibition/05_redock_benchmark/cases_1/boxes/9KEB_A1EE8_A301.json,A,/data/lab_vm/append_only/inhibition/05_redock_benchmark/cases_1/refs_6vaj/9KEB_A1EE8_A301_ref6vaj.pdb,0.376,111.0,True,1.0,7.03,True,case,,/data/lab_vm/append_only/inhibition/05_redock_benchmark/dock_1/self/9KEB_A1EE8_A301/poses,/data/lab_vm/append_only/inhibition/05_redock_benchmark/dock_1/cross/poses,9.09055134810315,8.733810208036353,-5.3,-5.1,2,7.312781088614646,3.9227830203823406,15.4,8.378247411451872,9,8.131294408026314,9
9KEC,X-RAY DIFFRACTION,1.68,A1EE6,N-[(4-fluorophenyl)methyl]-4-oxidanyl-butanamide,C11 H14 F N O2,211.233,non-polymer,c1cc(ccc1CNC(=O)CCCO)F,15,A,ligand,drug_like,9KEC_A1EE6_A202,A,202,15,0,2.506,False,False,1179.0,164.0,15.0,25.0,/data/lab_vm/append_only/inhibition/05_redock_benchmark/cases_1/receptors/9KEC/receptor.pdbqt,/data/lab_vm/append_only/inhibition/05_redock_benchmark/cases_1/refs/9KEC_A1EE6_A202_ref.pdb,/data/lab_vm/append_only/inhibition/05_redock_benchmark/cases_1/boxes/9KEC_A1EE6_A202.json,A,/data/lab_vm/append_only/inhibition/05_redock_benchmark/cases_1/refs_6vaj/9KEC_A1EE6_A202_ref6vaj.pdb,0.378,111.0,True,1.0,9.26,True,case,,/data/lab_vm/append_only/inhibition/05_redock_benchmark/dock_1/self/9KEC_A1EE6_A202/poses,/data/lab_vm/append_only/inhibition/05_redock_benchmark/dock_1/cross/poses,10.981978024624404,12.193394542401498,-5.1,-5.0,5,11.1569510440801,3.2028193101287084,16.4,10.652766185362374,9,11.172876194904633,9
9KEL,X-RAY DIFFRACTION,1.96,A1EFA,6-Quinolinylmethanol,C10 H9 N O,159.185,non-polymer,c1cc2cc(ccc2nc1)CO,12,A,ligand,drug_like,9KEL_A1EFA_A202,A,202,12,0,3.342,False,False,1180.0,108.0,12.0,25.0,/data/lab_vm/append_only/inhibition/05_redock_benchmark/cases_1/receptors/9KEL/receptor.pdbqt,/data/lab_vm/append_only/inhibition/05_redock_benchmark/cases_1/refs/9KEL_A1EFA_A202_ref.pdb,/data/lab_vm/append_only/inhibition/05_redock_benchmark/cases_1/boxes/9KEL_A1EFA_A202.json,A,/data/lab_vm/append_only/inhibition/05_redock_benchmark/cases_1/refs_6vaj/9KEL_A1EFA_A202_ref6vaj.pdb,0.379,111.0,True,1.0,7.81,True,case,,/data/lab_vm/append_only/inhibition/05_redock_benchmark/dock_1/self/9KEL_A1EFA_A202/poses,/data/lab_vm/append_only/inhibition/05_redock_benchmark/dock_1/cross/poses,9.658521781307943,8.761942982771192,-4.6,-5.4,1,8.555525524478318,2.8420846222447347,14.2,8.632230862683567,9,8.761942982771192,9
9KEQ,X-RAY DIFFRACTION,1.53,A1EFB,3-(4-methylpiperazin-1-yl)aniline,C11 H17 N3,191.273,non-polymer,CN1CCN(CC1)c2cccc(c2)N,14,A,ligand,drug_like,9KEQ_A1EFB_A201,A,201,14,0,2.846,False,False,1189.0,188.0,14.0,25.0,/data/lab_vm/append_only/inhibition/05_redock_benchmark/cases_1/receptors/9KEQ/receptor.pdbqt,/data/lab_vm/append_only/inhibition/05_redock_benchmark/cases_1/refs/9KEQ_A1EFB_A201_ref.pdb,/data/lab_vm/append_only/inhibition/05_redock_benchmark/cases_1/boxes/9KEQ_A1EFB_A201.json,A,/data/lab_vm/append_only/inhibition/05_redock_benchmark/cases_1/refs_6vaj/9KEQ_A1EFB_A201_ref6vaj.pdb,0.398,111.0,True,1.0,7.45,True,case,,/data/lab_vm/append_only/inhibition/05_redock_benchmark/dock_1/self/9KEQ_A1EFB_A201/poses,/data/lab_vm/append_only/inhibition/05_redock_benchmark/dock_1/cross/poses,8.437768399963854,9.06642018266148,-4.8,-4.8,1,8.216193244354189,8.127222737723596,15.2,8.437768399963854,9,8.332295203432416,9
9KES,X-RAY DIFFRACTION,1.62,A1EFC,(3-pyrimidin-5-ylphenyl)methanol,C11 H10 N2 O,186.21,non-polymer,c1cc(cc(c1)c2cncnc2)CO,14,A,ligand,drug_like,9KES_A1EFC_A201,A,201,14,0,4.863,False,False,1189.0,138.0,28.0,25.0,/data/lab_vm/append_only/inhibition/05_redock_benchmark/cases_1/receptors/9KES/receptor.pdbqt,/data/lab_vm/append_only/inhibition/05_redock_benchmark/cases_1/refs/9KES_A1EFC_A201_ref.pdb,/data/lab_vm/append_only/inhibition/05_redock_benchmark/cases_1/boxes/9KES_A1EFC_A201.json,A,/data/lab_vm/append_only/inhibition/05_redock_benchmark/cases_1/refs_6vaj/9KES_A1EFC_A201_ref6vaj.pdb,0.371,111.0,True,1.0,8.64,True,case,,/data/lab_vm/append_only/inhibition/05_redock_benchmark/dock_1/self/9KES_A1EFC_A201/poses,/data/lab_vm/append_only/inhibition/05_redock_benchmark/dock_1/cross/poses,10.598302333729814,10.232215728486462,-5.2,-5.7,2,7.138843128566821,6.084141499481605,15.2,9.80655288205654,9,9.717463388883218,9
9KEW,X-RAY DIFFRACTION,1.6,A1EFD,"2,3-dihydro-1-benzofuran-7-ylmethanol",C9 H10 O2,150.174,non-polymer,c1cc2c(c(c1)CO)OCC2,11,A,ligand,drug_like,9KEW_A1EFD_A201,A,201,11,0,4.921,False,False,1189.0,151.0,22.0,25.0,/data/lab_vm/append_only/inhibition/05_redock_benchmark/cases_1/receptors/9KEW/receptor.pdbqt,/data/lab_vm/append_only/inhibition/05_redock_benchmark/cases_1/refs/9KEW_A1EFD_A201_ref.pdb,/data/lab_vm/append_only/inhibition/05_redock_benchmark/cases_1/boxes/9KEW_A1EFD_A201.json,A,/data/lab_vm/append_only/inhibition/05_redock_benchmark/cases_1/refs_6vaj/9KEW_A1EFD_A201_ref6vaj.pdb,0.381,111.0,True,1.0,9.31,True,case,,/data/lab_vm/append_only/inhibition/05_redock_benchmark/dock_1/self/9KEW_A1EFD_A201/poses,/data/lab_vm/append_only/inhibition/05_redock_benchmark/dock_1/cross/poses,11.248289611395066,11.204646130471543,-4.7,-5.9,1,5.3346563747221465,4.36320766075935,13.9,10.386542092359884,9,10.32264883201453,9
9KEY,X-RAY DIFFRACTION,2.49,A1EFE,"2,1,3-benzothiadiazol-5-ylmethanol",C7 H6 N2 O S,166.2,non-polymer,c1cc2c(cc1CO)nsn2,11,A,ligand,drug_like,9KEY_A1EFE_A201,A,201,11,0,5.069,False,False,1189.0,42.0,22.0,25.0,/data/lab_vm/append_only/inhibition/05_redock_benchmark/cases_1/receptors/9KEY/receptor.pdbqt,/data/lab_vm/append_only/inhibition/05_redock_benchmark/cases_1/refs/9KEY_A1EFE_A201_ref.pdb,/data/lab_vm/append_only/inhibition/05_redock_benchmark/cases_1/boxes/9KEY_A1EFE_A201.json,A,/data/lab_vm/append_only/inhibition/05_redock_benchmark/cases_1/refs_6vaj/9KEY_A1EFE_A201_ref6vaj.pdb,0.396,111.0,True,1.0,8.81,True,case,,/data/lab_vm/append_only/inhibition/05_redock_benchmark/dock_1/self/9KEY_A1EFE_A201/poses,/data/lab_vm/append_only/inhibition/05_redock_benchmark/dock_1/cross/poses,11.987497824438138,9.896842586492834,-4.2,-5.2,1,5.693022483707577,4.212024507828208,14.0,9.770532799280609,9,9.793734258559025,9
9KEZ,X-RAY DIFFRACTION,1.95,DBJ,"2,3-dihydro-1,4-benzodioxin-5-ylmethanol",C9 H10 O3,166.174,non-polymer,c1cc(c2c(c1)OCCO2)CO,12,A,ligand,drug_like,9KEZ_DBJ_A301,A,301,12,0,2.318,False,False,1189.0,110.0,12.0,25.0,/data/lab_vm/append_only/inhibition/05_redock_benchmark/cases_1/receptors/9KEZ/receptor.pdbqt,/data/lab_vm/append_only/inhibition/05_redock_benchmark/cases_1/refs/9KEZ_DBJ_A301_ref.pdb,/data/lab_vm/append_only/inhibition/05_redock_benchmark/cases_1/boxes/9KEZ_DBJ_A301.json,A,/data/lab_vm/append_only/inhibition/05_redock_benchmark/cases_1/refs_6vaj/9KEZ_DBJ_A301_ref6vaj.pdb,0.366,111.0,True,1.0,8.04,True,case,,/data/lab_vm/append_only/inhibition/05_redock_benchmark/dock_1/self/9KEZ_DBJ_A301/poses,/data/lab_vm/append_only/inhibition/05_redock_benchmark/dock_1/cross/poses,9.6585367378639,9.719229534793383,-4.6,-5.6,1,3.6650288311735473,1.0453105997740568,14.3,8.555667575745721,9,9.551016302816507,9
9KF0,X-RAY DIFFRACTION,1.82,A1EFF,"(2,5-dimethylpyrazol-3-yl)methanol",C6 H10 N2 O,126.156,non-polymer,Cc1cc(n(n1)C)CO,9,A,ligand,fragment,9KF0_A1EFF_A301,A,301,9,0,2.737,False,False,1189.0,105.0,9.0,25.0,/data/lab_vm/append_only/inhibition/05_redock_benchmark/cases_1/receptors/9KF0/receptor.pdbqt,/data/lab_vm/append_only/inhibition/05_redock_benchmark/cases_1/refs/9KF0_A1EFF_A301_ref.pdb,/data/lab_vm/append_only/inhibition/05_redock_benchmark/cases_1/boxes/9KF0_A1EFF_A301.json,A,/data/lab_vm/append_only/inhibition/05_redock_benchmark/cases_1/refs_6vaj/9KF0_A1EFF_A301_ref6vaj.pdb,0.358,111.0,True,1.0,8.4,True,case,,/data/lab_vm/append_only/inhibition/05_redock_benchmark/dock_1/self/9KF0_A1EFF_A301/poses,/data/lab_vm/append_only/inhibition/05_redock_benchmark/dock_1/cross/poses,11.024808136400583,10.654361923644233,-3.9,-4.1,1,0.7975250605606202,0.7975250605606202,13.7,9.793055413574118,9,9.750828067400224,9
9KFC,X-RAY DIFFRACTION,1.56,A1AYA,[2-(4-methylpiperazin-1-yl)phenyl]methanol,C12 H18 N2 O,206.284,non-polymer,CN1CCN(CC1)c2ccccc2CO,15,A,ligand,drug_like,9KFC_A1AYA_A301,A,301,15,0,2.658,False,False,1189.0,176.0,30.0,25.0,/data/lab_vm/append_only/inhibition/05_redock_benchmark/cases_1/receptors/9KFC/receptor.pdbqt,/data/lab_vm/append_only/inhibition/05_redock_benchmark/cases_1/refs/9KFC_A1AYA_A301_ref.pdb,/data/lab_vm/append_only/inhibition/05_redock_benchmark/cases_1/boxes/9KFC_A1AYA_A301.json,A,/data/lab_vm/append_only/inhibition/05_redock_benchmark/cases_1/refs_6vaj/9KFC_A1AYA_A301_ref6vaj.pdb,0.342,111.0,True,1.0,6.96,True,case,,/data/lab_vm/append_only/inhibition/05_redock_benchmark/dock_1/self/9KFC_A1AYA_A301/poses,/data/lab_vm/append_only/inhibition/05_redock_benchmark/dock_1/cross/poses,8.415050421714655,9.169527279709316,-4.6,-5.1,2,8.49006092243552,7.364837300760056,15.4,7.3659312242241315,9,8.032404123299575,9
9KFH,X-RAY DIFFRACTION,1.59,A1EFG,2-methylfuran-3-carboxylic acid,C6 H6 O3,126.11,non-polymer,Cc1c(cco1)C(=O)O,9,A,ligand,fragment,9KFH_A1EFG_A301,A,301,9,0,3.578,False,False,1189.0,139.0,18.0,25.0,/data/lab_vm/append_only/inhibition/05_redock_benchmark/cases_1/receptors/9KFH/receptor.pdbqt,/data/lab_vm/append_only/inhibition/05_redock_benchmark/cases_1/refs/9KFH_A1EFG_A301_ref.pdb,/data/lab_vm/append_only/inhibition/05_redock_benchmark/cases_1/boxes/9KFH_A1EFG_A301.json,A,/data/lab_vm/append_only/inhibition/05_redock_benchmark/cases_1/refs_6vaj/9KFH_A1EFG_A301_ref6vaj.pdb,0.347,111.0,True,0.0,20.33,False,case,,/data/lab_vm/append_only/inhibition/05_redock_benchmark/dock_1/self/9KFH_A1EFG_A301/poses,/data/lab_vm/append_only/inhibition/05_redock_benchmark/dock_1/cross/poses,12.420682160547116,18.82718998918556,-4.0,-4.8,1,4.529852609817085,3.8279788836059856,13.5,9.201861097988095,9,18.779368383651484,9
9KFZ,X-RAY DIFFRACTION,1.43,A1EFO,6-methylpyridine-2-carboxylic acid,C7 H7 N O2,137.136,non-polymer,Cc1cccc(n1)C(=O)O,10,A,ligand,fragment,9KFZ_A1EFO_A301,A,301,10,0,2.912,False,False,1183.0,165.0,40.0,25.0,/data/lab_vm/append_only/inhibition/05_redock_benchmark/cases_1/receptors/9KFZ/receptor.pdbqt,/data/lab_vm/append_only/inhibition/05_redock_benchmark/cases_1/refs/9KFZ_A1EFO_A301_ref.pdb,/data/lab_vm/append_only/inhibition/05_redock_benchmark/cases_1/boxes/9KFZ_A1EFO_A301.json,A,/data/lab_vm/append_only/inhibition/05_redock_benchmark/cases_1/refs_6vaj/9KFZ_A1EFO_A301_ref6vaj.pdb,0.335,111.0,True,0.0,26.44,False,case,,/data/lab_vm/append_only/inhibition/05_redock_benchmark/dock_1/self/9KFZ_A1EFO_A301/poses,/data/lab_vm/append_only/inhibition/05_redock_benchmark/dock_1/cross/poses,5.822034343766791,26.771068615204733,-4.2,-5.2,1,5.941835011172896,5.322673181776239,13.9,5.284346307728138,9,21.125745643645338,9
9KG9,X-RAY DIFFRACTION,1.55,A1EFP,3-methoxythiophene-2-carboxylic acid,C6 H6 O3 S,158.175,non-polymer,COc1ccsc1C(=O)O,10,A,ligand,drug_like,9KG9_A1EFP_A301,A,301,10,0,3.294,False,False,1189.0,157.0,90.0,25.0,/data/lab_vm/append_only/inhibition/05_redock_benchmark/cases_1/receptors/9KG9/receptor.pdbqt,/data/lab_vm/append_only/inhibition/05_redock_benchmark/cases_1/refs/9KG9_A1EFP_A301_ref.pdb,/data/lab_vm/append_only/inhibition/05_redock_benchmark/cases_1/boxes/9KG9_A1EFP_A301.json,A,/data/lab_vm/append_only/inhibition/05_redock_benchmark/cases_1/refs_6vaj/9KG9_A1EFP_A301_ref6vaj.pdb,0.348,111.0,True,0.0,21.95,False,case,,/data/lab_vm/append_only/inhibition/05_redock_benchmark/dock_1/self/9KG9_A1EFP_A301/poses,/data/lab_vm/append_only/inhibition/05_redock_benchmark/dock_1/cross/poses,15.645842981443986,20.94406272670133,-3.7,-4.7,2,6.149102511749174,3.3905320526430653,13.9,10.794602174235045,9,20.58777392531791,9
9KGO,X-RAY DIFFRACTION,1.62,A1EFQ,1-(1H-pyrazol-3-yl)ethanone,C5 H6 N2 O,110.114,non-polymer,CC(=O)c1cc[nH]n1,8,A,ligand,fragment,9KGO_A1EFQ_A201,A,201,8,0,3.39,False,False,1189.0,181.0,32.0,25.0,/data/lab_vm/append_only/inhibition/05_redock_benchmark/cases_1/receptors/9KGO/receptor.pdbqt,/data/lab_vm/append_only/inhibition/05_redock_benchmark/cases_1/refs/9KGO_A1EFQ_A201_ref.pdb,/data/lab_vm/append_only/inhibition/05_redock_benchmark/cases_1/boxes/9KGO_A1EFQ_A201.json,A,/data/lab_vm/append_only/inhibition/05_redock_benchmark/cases_1/refs_6vaj/9KGO_A1EFQ_A201_ref6vaj.pdb,0.377,111.0,True,0.0,18.43,False,case,,/data/lab_vm/append_only/inhibition/05_redock_benchmark/dock_1/self/9KGO_A1EFQ_A201/poses,/data/lab_vm/append_only/inhibition/05_redock_benchmark/dock_1/cross/poses,11.982869011634902,16.670073541379473,-4.1,-4.7,1,6.295290590989427,1.5304077071159825,13.1,4.787422270909472,9,11.842075330152229,9
9KX1,X-RAY DIFFRACTION,1.7,A1EHL,2-(trifluoromethyl)pyrimidin-4-ol,C5 H3 F3 N2 O,164.085,non-polymer,c1cnc(nc1O)C(F)(F)F,11,A,ligand,drug_like,9KX1_A1EHL_A301,A,301,11,0,3.004,False,False,1189.0,112.0,22.0,25.0,/data/lab_vm/append_only/inhibition/05_redock_benchmark/cases_1/receptors/9KX1/receptor.pdbqt,/data/lab_vm/append_only/inhibition/05_redock_benchmark/cases_1/refs/9KX1_A1EHL_A301_ref.pdb,/data/lab_vm/append_only/inhibition/05_redock_benchmark/cases_1/boxes/9KX1_A1EHL_A301.json,A,/data/lab_vm/append_only/inhibition/05_redock_benchmark/cases_1/refs_6vaj/9KX1_A1EHL_A301_ref6vaj.pdb,0.371,111.0,True,1.0,3.29,True,case,,/data/lab_vm/append_only/inhibition/05_redock_benchmark/dock_1/self/9KX1_A1EHL_A301/poses,/data/lab_vm/append_only/inhibition/05_redock_benchmark/dock_1/cross/poses,2.532384736675187,2.075251770048856,-4.7,-5.6,0,1.9824994325345973,1.901274094342575,13.6,1.9641710488373738,9,2.07279282392358,9
9KX7,X-RAY DIFFRACTION,1.53,A1EHC,"imidazo[1,2-a]pyridin-6-ylmethanol",C8 H8 N2 O,148.162,non-polymer,c1cc2nccn2cc1CO,11,A,ligand,fragment,9KX7_A1EHC_A201,A,201,11,0,3.244,False,False,1189.0,226.0,33.0,25.0,/data/lab_vm/append_only/inhibition/05_redock_benchmark/cases_1/receptors/9KX7/receptor.pdbqt,/data/lab_vm/append_only/inhibition/05_redock_benchmark/cases_1/refs/9KX7_A1EHC_A201_ref.pdb,/data/lab_vm/append_only/inhibition/05_redock_benchmark/cases_1/boxes/9KX7_A1EHC_A201.json,A,/data/lab_vm/append_only/inhibition/05_redock_benchmark/cases_1/refs_6vaj/9KX7_A1EHC_A201_ref6vaj.pdb,0.386,111.0,True,0.0,26.52,False,case,,/data/lab_vm/append_only/inhibition/05_redock_benchmark/dock_1/self/9KX7_A1EHC_A201/poses,/data/lab_vm/append_only/inhibition/05_redock_benchmark/dock_1/cross/poses,5.664827109614042,26.07889588432483,-4.4,-5.2,1,5.6634559157012,4.451441012852927,13.9,4.494198522944482,9,21.05666162783386,9
9KX9,X-RAY DIFFRACTION,1.62,A1EHD,(1-methylindazol-3-yl)methanol,C9 H10 N2 O,162.188,non-polymer,Cn1c2ccccc2c(n1)CO,12,A,ligand,drug_like,9KX9_A1EHD_A301,A,301,12,0,2.476,False,False,1189.0,137.0,36.0,25.0,/data/lab_vm/append_only/inhibition/05_redock_benchmark/cases_1/receptors/9KX9/receptor.pdbqt,/data/lab_vm/append_only/inhibition/05_redock_benchmark/cases_1/refs/9KX9_A1EHD_A301_ref.pdb,/data/lab_vm/append_only/inhibition/05_redock_benchmark/cases_1/boxes/9KX9_A1EHD_A301.json,A,/data/lab_vm/append_only/inhibition/05_redock_benchmark/cases_1/refs_6vaj/9KX9_A1EHD_A301_ref6vaj.pdb,0.332,111.0,True,1.0,8.13,True,case,,/data/lab_vm/append_only/inhibition/05_redock_benchmark/dock_1/self/9KX9_A1EHD_A301/poses,/data/lab_vm/append_only/inhibition/05_redock_benchmark/dock_1/cross/poses,10.806170748697248,10.79468549024627,-4.8,-5.3,1,8.892196110448007,1.670370143610889,14.4,9.936891050524807,9,8.748944336318525,9
9KXC,X-RAY DIFFRACTION,1.53,A1EHE,quinolin-5-amine,C9 H8 N2,144.173,non-polymer,c1cc(c2cccnc2c1)N,11,A,ligand,fragment,9KXC_A1EHE_A201,A,201,11,0,2.867,False,False,1189.0,159.0,22.0,25.0,/data/lab_vm/append_only/inhibition/05_redock_benchmark/cases_1/receptors/9KXC/receptor.pdbqt,/data/lab_vm/append_only/inhibition/05_redock_benchmark/cases_1/refs/9KXC_A1EHE_A201_ref.pdb,/data/lab_vm/append_only/inhibition/05_redock_benchmark/cases_1/boxes/9KXC_A1EHE_A201.json,A,/data/lab_vm/append_only/inhibition/05_redock_benchmark/cases_1/refs_6vaj/9KXC_A1EHE_A201_ref6vaj.pdb,0.394,111.0,True,1.0,8.02,True,case,,/data/lab_vm/append_only/inhibition/05_redock_benchmark/dock_1/self/9KXC_A1EHE_A201/poses,/data/lab_vm/append_only/inhibition/05_redock_benchmark/dock_1/cross/poses,8.861137224368603,22.070026212036996,-4.8,-4.8,0,4.034356093716702,0.6532278594515377,13.7,8.861137224368603,9,9.028488854730897,9
9KXD,X-RAY DIFFRACTION,1.6,53E,"2,3-dihydro-1,4-benzodioxine-5-carboxylic acid",C9 H8 O4,180.157,non-polymer,c1cc(c2c(c1)OCCO2)C(=O)O,13,A,ligand,drug_like,9KXD_53E_A301,A,301,13,0,2.587,False,False,1189.0,157.0,26.0,25.0,/data/lab_vm/append_only/inhibition/05_redock_benchmark/cases_1/receptors/9KXD/receptor.pdbqt,/data/lab_vm/append_only/inhibition/05_redock_benchmark/cases_1/refs/9KXD_53E_A301_ref.pdb,/data/lab_vm/append_only/inhibition/05_redock_benchmark/cases_1/boxes/9KXD_53E_A301.json,A,/data/lab_vm/append_only/inhibition/05_redock_benchmark/cases_1/refs_6vaj/9KXD_53E_A301_ref6vaj.pdb,0.354,111.0,True,1.0,8.34,True,case,,/data/lab_vm/append_only/inhibition/05_redock_benchmark/dock_1/self/9KXD_53E_A301/poses,/data/lab_vm/append_only/inhibition/05_redock_benchmark/dock_1/cross/poses,10.555645390755824,10.3279059907537,-5.0,-5.7,1,7.350397686781726,7.217273254544906,14.3,7.396616929380622,9,9.489896047902738,9
9KXE,X-RAY DIFFRACTION,1.61,A1EHF,4-methylthiophene-2-carboxamide,C6 H7 N O S,141.191,non-polymer,Cc1cc(sc1)C(=O)N,9,A,ligand,fragment,9KXE_A1EHF_A204,A,204,9,9,3.514,False,False,1189.0,123.0,27.0,25.0,/data/lab_vm/append_only/inhibition/05_redock_benchmark/cases_1/receptors/9KXE/receptor.pdbqt,/data/lab_vm/append_only/inhibition/05_redock_benchmark/cases_1/refs/9KXE_A1EHF_A204_ref.pdb,/data/lab_vm/append_only/inhibition/05_redock_benchmark/cases_1/boxes/9KXE_A1EHF_A204.json,A,/data/lab_vm/append_only/inhibition/05_redock_benchmark/cases_1/refs_6vaj/9KXE_A1EHF_A204_ref6vaj.pdb,0.353,111.0,True,0.0,21.67,False,case,,/data/lab_vm/append_only/inhibition/05_redock_benchmark/dock_1/self/9KXE_A1EHF_A204/poses,/data/lab_vm/append_only/inhibition/05_redock_benchmark/dock_1/cross/poses,12.7865061425447,14.719200721808535,-4.0,-4.3,1,3.5883115497093865,2.295829600722917,13.8,11.833987329345554,9,14.719200721808535,9
9KXF,X-RAY DIFFRACTION,1.71,A1EHG,~{N}-(2-fluorophenyl)ethanamide,C8 H8 F N O,153.154,non-polymer,CC(=O)Nc1ccccc1F,11,A,ligand,drug_like,9KXF_A1EHG_A301,A,301,11,0,2.955,False,False,1189.0,166.0,11.0,25.0,/data/lab_vm/append_only/inhibition/05_redock_benchmark/cases_1/receptors/9KXF/receptor.pdbqt,/data/lab_vm/append_only/inhibition/05_redock_benchmark/cases_1/refs/9KXF_A1EHG_A301_ref.pdb,/data/lab_vm/append_only/inhibition/05_redock_benchmark/cases_1/boxes/9KXF_A1EHG_A301.json,A,/data/lab_vm/append_only/inhibition/05_redock_benchmark/cases_1/refs_6vaj/9KXF_A1EHG_A301_ref6vaj.pdb,0.327,111.0,True,1.0,9.41,True,case,,/data/lab_vm/append_only/inhibition/05_redock_benchmark/dock_1/self/9KXF_A1EHG_A301/poses,/data/lab_vm/append_only/inhibition/05_redock_benchmark/dock_1/cross/poses,11.310445144362635,11.336467759965062,-5.2,-5.2,1,3.985139669047772,1.3613227190694148,14.2,10.926306612109059,9,10.16446104639279,9
9KXG,X-RAY DIFFRACTION,1.58,M4T,~{N}-pyridin-3-ylethanamide,C7 H8 N2 O,136.151,non-polymer,CC(=O)Nc1cccnc1,10,A,ligand,fragment,9KXG_M4T_A301,A,301,10,10,3.108,False,False,1189.0,164.0,30.0,25.0,/data/lab_vm/append_only/inhibition/05_redock_benchmark/cases_1/receptors/9KXG/receptor.pdbqt,/data/lab_vm/append_only/inhibition/05_redock_benchmark/cases_1/refs/9KXG_M4T_A301_ref.pdb,/data/lab_vm/append_only/inhibition/05_redock_benchmark/cases_1/boxes/9KXG_M4T_A301.json,A,/data/lab_vm/append_only/inhibition/05_redock_benchmark/cases_1/refs_6vaj/9KXG_M4T_A301_ref6vaj.pdb,0.374,111.0,True,1.0,7.85,True,case,,/data/lab_vm/append_only/inhibition/05_redock_benchmark/dock_1/self/9KXG_M4T_A301/poses,/data/lab_vm/append_only/inhibition/05_redock_benchmark/dock_1/cross/poses,8.902377659928833,10.525853832350132,-4.5,-4.6,1,8.743675926062219,4.700639158667681,13.9,8.902377659928833,9,9.369785846005232,9
9KXH,X-RAY DIFFRACTION,1.68,A1EHO,"2,6-bis(fluoranyl)benzamide",C7 H5 F2 N O,157.118,non-polymer,c1cc(c(c(c1)F)C(=O)N)F,11,A,ligand,drug_like,9KXH_A1EHO_A301,A,301,11,0,3.201,False,False,1189.0,80.0,22.0,25.0,/data/lab_vm/append_only/inhibition/05_redock_benchmark/cases_1/receptors/9KXH/receptor.pdbqt,/data/lab_vm/append_only/inhibition/05_redock_benchmark/cases_1/refs/9KXH_A1EHO_A301_ref.pdb,/data/lab_vm/append_only/inhibition/05_redock_benchmark/cases_1/boxes/9KXH_A1EHO_A301.json,A,/data/lab_vm/append_only/inhibition/05_redock_benchmark/cases_1/refs_6vaj/9KXH_A1EHO_A301_ref6vaj.pdb,0.358,111.0,True,0.0,21.31,False,case,,/data/lab_vm/append_only/inhibition/05_redock_benchmark/dock_1/self/9KXH_A1EHO_A301/poses,/data/lab_vm/append_only/inhibition/05_redock_benchmark/dock_1/cross/poses,11.431083667709805,20.31009606977861,-4.6,-5.2,1,3.161143938513398,1.9320118341440684,13.8,3.1673477576959903,9,20.042978217275543,9
9KXI,X-RAY DIFFRACTION,1.77,A1EHY,2-(2-methylimidazol-1-yl)aniline,C10 H11 N3,173.214,non-polymer,Cc1nccn1c2ccccc2N,13,A,ligand,drug_like,9KXI_A1EHY_A301,A,301,13,0,3.357,False,False,1189.0,147.0,13.0,25.0,/data/lab_vm/append_only/inhibition/05_redock_benchmark/cases_1/receptors/9KXI/receptor.pdbqt,/data/lab_vm/append_only/inhibition/05_redock_benchmark/cases_1/refs/9KXI_A1EHY_A301_ref.pdb,/data/lab_vm/append_only/inhibition/05_redock_benchmark/cases_1/boxes/9KXI_A1EHY_A301.json,A,/data/lab_vm/append_only/inhibition/05_redock_benchmark/cases_1/refs_6vaj/9KXI_A1EHY_A301_ref6vaj.pdb,0.354,111.0,True,0.0,18.66,False,case,,/data/lab_vm/append_only/inhibition/05_redock_benchmark/dock_1/self/9KXI_A1EHY_A301/poses,/data/lab_vm/append_only/inhibition/05_redock_benchmark/dock_1/cross/poses,12.400618058418267,18.953148005217823,-4.7,-5.0,1,6.90470930708778,5.867541137478288,14.5,7.705679498815242,9,18.43187277516856,9
9KXJ,X-RAY DIFFRACTION,1.57,A1EVL,"(3S,11R)-tetracyclo[6.3.0.02,6.05,9]undecane-3,11-diol",C11 H16 O2,180.244,non-polymer,C1[C@@H]2[C@H]3C[C@@H]([C@@H]2[C@H]4[C@@H]1[C@@H]3C[C@H]4O)O,13,A,ligand,drug_like,9KXJ_A1EVL_A301,A,301,13,0,2.957,False,False,1188.0,179.0,13.0,24.0,/data/lab_vm/append_only/inhibition/05_redock_benchmark/cases_1/receptors/9KXJ/receptor.pdbqt,/data/lab_vm/append_only/inhibition/05_redock_benchmark/cases_1/refs/9KXJ_A1EVL_A301_ref.pdb,/data/lab_vm/append_only/inhibition/05_redock_benchmark/cases_1/boxes/9KXJ_A1EVL_A301.json,A,/data/lab_vm/append_only/inhibition/05_redock_benchmark/cases_1/refs_6vaj/9KXJ_A1EVL_A301_ref6vaj.pdb,0.348,111.0,True,0.0,20.28,False,case,,/data/lab_vm/append_only/inhibition/05_redock_benchmark/dock_1/self/9KXJ_A1EVL_A301/poses,/data/lab_vm/append_only/inhibition/05_redock_benchmark/dock_1/cross/poses,11.248405045913092,19.59284987123933,-5.4,-5.5,0,2.022364819101257,0.490953781312066,13.8,10.992310613123367,9,19.276005225708424,9
9KXK,X-RAY DIFFRACTION,1.96,A1EFQ,1-(1H-pyrazol-3-yl)ethanone,C5 H6 N2 O,110.114,non-polymer,CC(=O)c1cc[nH]n1,8,A,ligand,fragment,9KXK_A1EFQ_A301,A,301,8,0,2.87,False,False,1189.0,39.0,8.0,25.0,/data/lab_vm/append_only/inhibition/05_redock_benchmark/cases_1/receptors/9KXK/receptor.pdbqt,/data/lab_vm/append_only/inhibition/05_redock_benchmark/cases_1/refs/9KXK_A1EFQ_A301_ref.pdb,/data/lab_vm/append_only/inhibition/05_redock_benchmark/cases_1/boxes/9KXK_A1EFQ_A301.json,A,/data/lab_vm/append_only/inhibition/05_redock_benchmark/cases_1/refs_6vaj/9KXK_A1EFQ_A301_ref6vaj.pdb,0.331,111.0,True,0.0,19.32,False,case,,/data/lab_vm/append_only/inhibition/05_redock_benchmark/dock_1/self/9KXK_A1EFQ_A301/poses,/data/lab_vm/append_only/inhibition/05_redock_benchmark/dock_1/cross/poses,8.939971888937908,19.842442944355412,-3.7,-4.7,1,6.180817290213326,1.2331211416564063,13.4,7.19422223906101,9,19.33267677081992,9
9KXL,X-RAY DIFFRACTION,1.7,A1EHQ,2-phenoxyethanamine,C8 H11 N O,137.179,non-polymer,c1ccc(cc1)OCCN,10,A,ligand,fragment,9KXL_A1EHQ_A301,A,301,10,0,2.977,False,False,1189.0,76.0,10.0,25.0,/data/lab_vm/append_only/inhibition/05_redock_benchmark/cases_1/receptors/9KXL/receptor.pdbqt,/data/lab_vm/append_only/inhibition/05_redock_benchmark/cases_1/refs/9KXL_A1EHQ_A301_ref.pdb,/data/lab_vm/append_only/inhibition/05_redock_benchmark/cases_1/boxes/9KXL_A1EHQ_A301.json,A,/data/lab_vm/append_only/inhibition/05_redock_benchmark/cases_1/refs_6vaj/9KXL_A1EHQ_A301_ref6vaj.pdb,0.349,111.0,True,0.0,27.7,False,case,,/data/lab_vm/append_only/inhibition/05_redock_benchmark/dock_1/self/9KXL_A1EHQ_A301/poses,/data/lab_vm/append_only/inhibition/05_redock_benchmark/dock_1/cross/poses,11.49036283152103,28.14114311466398,-3.5,-4.4,3,4.813578170134979,4.813578170134979,14.3,9.73446343154054,9,27.674875638383636,9
9KXM,X-RAY DIFFRACTION,1.64,A1ERZ,(1~{S})-1-(1~{H}-benzimidazol-2-yl)ethanol,C9 H10 N2 O,162.188,non-polymer,C[C@@H](c1[nH]c2ccccc2n1)O,12,A,ligand,drug_like,9KXM_A1ERZ_A301,A,301,12,0,3.009,False,False,1189.0,124.0,12.0,25.0,/data/lab_vm/append_only/inhibition/05_redock_benchmark/cases_1/receptors/9KXM/receptor.pdbqt,/data/lab_vm/append_only/inhibition/05_redock_benchmark/cases_1/refs/9KXM_A1ERZ_A301_ref.pdb,/data/lab_vm/append_only/inhibition/05_redock_benchmark/cases_1/boxes/9KXM_A1ERZ_A301.json,A,/data/lab_vm/append_only/inhibition/05_redock_benchmark/cases_1/refs_6vaj/9KXM_A1ERZ_A301_ref6vaj.pdb,0.354,111.0,True,0.0,29.63,False,case,,/data/lab_vm/append_only/inhibition/05_redock_benchmark/dock_1/self/9KXM_A1ERZ_A301/poses,/data/lab_vm/append_only/inhibition/05_redock_benchmark/dock_1/cross/poses,13.773448245930767,31.235471458743824,-4.1,-5.6,1,5.167817745431818,0.7268691422807826,14.7,11.035361729458621,9,30.158159831406604,9
9KXN,X-RAY DIFFRACTION,1.67,A1EHR,"5-methyl-1,2-oxazole-3-carbohydrazide",C5 H7 N3 O2,141.128,non-polymer,Cc1cc(no1)C(=O)NN,10,A,ligand,fragment,9KXN_A1EHR_A301,A,301,10,0,2.909,False,False,1180.0,121.0,10.0,25.0,/data/lab_vm/append_only/inhibition/05_redock_benchmark/cases_1/receptors/9KXN/receptor.pdbqt,/data/lab_vm/append_only/inhibition/05_redock_benchmark/cases_1/refs/9KXN_A1EHR_A301_ref.pdb,/data/lab_vm/append_only/inhibition/05_redock_benchmark/cases_1/boxes/9KXN_A1EHR_A301.json,A,/data/lab_vm/append_only/inhibition/05_redock_benchmark/cases_1/refs_6vaj/9KXN_A1EHR_A301_ref6vaj.pdb,0.471,111.0,True,0.0,27.17,False,case,,/data/lab_vm/append_only/inhibition/05_redock_benchmark/dock_1/self/9KXN_A1EHR_A301/poses,/data/lab_vm/append_only/inhibition/05_redock_benchmark/dock_1/cross/poses,15.62563493749934,34.05410603436831,-4.9,-4.7,1,7.145030251860379,6.2147845014931935,14.1,6.171445568098288,9,20.85901845725249,9
9KXO,X-RAY DIFFRACTION,1.75,UUY,2-[methyl(pyridin-2-yl)amino]ethan-1-ol,C8 H12 N2 O,152.194,non-polymer,CN(CCO)c1ccccn1,11,A,ligand,drug_like,9KXO_UUY_A301,A,301,11,0,3.052,False,False,1175.0,146.0,22.0,25.0,/data/lab_vm/append_only/inhibition/05_redock_benchmark/cases_1/receptors/9KXO/receptor.pdbqt,/data/lab_vm/append_only/inhibition/05_redock_benchmark/cases_1/refs/9KXO_UUY_A301_ref.pdb,/data/lab_vm/append_only/inhibition/05_redock_benchmark/cases_1/boxes/9KXO_UUY_A301.json,A,/data/lab_vm/append_only/inhibition/05_redock_benchmark/cases_1/refs_6vaj/9KXO_UUY_A301_ref6vaj.pdb,0.378,111.0,True,1.0,7.98,True,case,,/data/lab_vm/append_only/inhibition/05_redock_benchmark/dock_1/self/9KXO_UUY_A301/poses,/data/lab_vm/append_only/inhibition/05_redock_benchmark/dock_1/cross/poses,9.821565196499533,10.693058530059242,-3.8,-4.8,3,8.857111082473379,4.445099548941507,14.1,9.454915931552605,9,9.386693516985531,9
9KXP,X-RAY DIFFRACTION,1.81,A1EHB,"(2,4-dimethyl-1,3-thiazol-5-yl)methanol",C6 H9 N O S,143.207,non-polymer,Cc1c(sc(n1)C)CO,9,A,ligand,fragment,9KXP_A1EHB_A301,A,301,9,0,2.89,False,False,1189.0,99.0,9.0,25.0,/data/lab_vm/append_only/inhibition/05_redock_benchmark/cases_1/receptors/9KXP/receptor.pdbqt,/data/lab_vm/append_only/inhibition/05_redock_benchmark/cases_1/refs/9KXP_A1EHB_A301_ref.pdb,/data/lab_vm/append_only/inhibition/05_redock_benchmark/cases_1/boxes/9KXP_A1EHB_A301.json,A,/data/lab_vm/append_only/inhibition/05_redock_benchmark/cases_1/refs_6vaj/9KXP_A1EHB_A301_ref6vaj.pdb,0.385,111.0,True,1.0,8.53,True,case,,/data/lab_vm/append_only/inhibition/05_redock_benchmark/dock_1/self/9KXP_A1EHB_A301/poses,/data/lab_vm/append_only/inhibition/05_redock_benchmark/dock_1/cross/poses,10.891851648518417,11.10365134639152,-3.7,-4.2,1,8.847170162763284,0.6107752814615575,13.7,10.561673552151772,9,9.894295034120534,9
9KXQ,X-RAY DIFFRACTION,1.69,A1EHP,"(3,5-dimethyl-1,2-oxazol-4-yl)methanol",C6 H9 N O2,127.141,non-polymer,Cc1c(c(on1)C)CO,9,A,ligand,fragment,9KXQ_A1EHP_A301,A,301,9,0,2.952,False,False,1189.0,107.0,9.0,25.0,/data/lab_vm/append_only/inhibition/05_redock_benchmark/cases_1/receptors/9KXQ/receptor.pdbqt,/data/lab_vm/append_only/inhibition/05_redock_benchmark/cases_1/refs/9KXQ_A1EHP_A301_ref.pdb,/data/lab_vm/append_only/inhibition/05_redock_benchmark/cases_1/boxes/9KXQ_A1EHP_A301.json,A,/data/lab_vm/append_only/inhibition/05_redock_benchmark/cases_1/refs_6vaj/9KXQ_A1EHP_A301_ref6vaj.pdb,0.372,111.0,True,0.0,20.24,False,case,,/data/lab_vm/append_only/inhibition/05_redock_benchmark/dock_1/self/9KXQ_A1EHP_A301/poses,/data/lab_vm/append_only/inhibition/05_redock_benchmark/dock_1/cross/poses,10.577167117060323,20.883663572807865,-3.9,-4.2,1,2.9110966242217984,1.3800270931317895,13.9,10.32233379080956,9,20.77222395411719,9
9V6G,X-RAY DIFFRACTION,2.0,A1ERA,"3-[bis(oxidanyl)methyl]pentane-1,1,3,5,5-pentol",C6 H14 O7,198.171,non-polymer,C(C(O)O)C(CC(O)O)(C(O)O)O,13,"A,B",ligand,drug_like,9V6G_A1ERA_A201,A,201,13,0,2.407,False,False,1776.0,248.0,68.0,0.0,/data/lab_vm/append_only/inhibition/05_redock_benchmark/cases_1/receptors/9V6G/receptor.pdbqt,/data/lab_vm/append_only/inhibition/05_redock_benchmark/cases_1/refs/9V6G_A1ERA_A201_ref.pdb,/data/lab_vm/append_only/inhibition/05_redock_benchmark/cases_1/boxes/9V6G_A1ERA_A201.json,A,/data/lab_vm/append_only/inhibition/05_redock_benchmark/cases_1/refs_6vaj/9V6G_A1ERA_A201_ref6vaj.pdb,0.448,113.0,True,1.0,5.96,True,case,,/data/lab_vm/append_only/inhibition/05_redock_benchmark/dock_1/self/9V6G_A1ERA_A201/poses,/data/lab_vm/append_only/inhibition/05_redock_benchmark/dock_1/cross/poses,2.873608318687634,4.902889281606542,-4.7,-4.7,5,3.498095272925187,2.0892760247732483,14.9,2.083148319989943,9,4.608559786711279,9
9V6I,X-RAY DIFFRACTION,2.46,A1ERA,"3-[bis(oxidanyl)methyl]pentane-1,1,3,5,5-pentol",C6 H14 O7,198.171,non-polymer,C(C(O)O)C(CC(O)O)(C(O)O)O,13,A,ligand,drug_like,9V6I_A1ERA_A202,A,202,13,0,2.651,False,False,1776.0,54.0,61.0,0.0,/data/lab_vm/append_only/inhibition/05_redock_benchmark/cases_1/receptors/9V6I/receptor.pdbqt,/data/lab_vm/append_only/inhibition/05_redock_benchmark/cases_1/refs/9V6I_A1ERA_A202_ref.pdb,/data/lab_vm/append_only/inhibition/05_redock_benchmark/cases_1/boxes/9V6I_A1ERA_A202.json,A,/data/lab_vm/append_only/inhibition/05_redock_benchmark/cases_1/refs_6vaj/9V6I_A1ERA_A202_ref6vaj.pdb,0.395,113.0,True,1.0,5.81,True,case,,/data/lab_vm/append_only/inhibition/05_redock_benchmark/dock_1/self/9V6I_A1ERA_A202/poses,/data/lab_vm/append_only/inhibition/05_redock_benchmark/dock_1/cross/poses,7.0117000956094255,5.049276071493204,-4.2,-4.5,5,5.153898927399155,3.8528561234092695,14.9,4.879209433126199,9,5.049276071493204,9
9V6P,X-RAY DIFFRACTION,1.99,A1ERA,"3-[bis(oxidanyl)methyl]pentane-1,1,3,5,5-pentol",C6 H14 O7,198.171,non-polymer,C(C(O)O)C(CC(O)O)(C(O)O)O,13,"A,B",ligand,drug_like,9V6P_A1ERA_A202,A,202,13,0,2.625,False,False,1776.0,212.0,70.0,0.0,/data/lab_vm/append_only/inhibition/05_redock_benchmark/cases_1/receptors/9V6P/receptor.pdbqt,/data/lab_vm/append_only/inhibition/05_redock_benchmark/cases_1/refs/9V6P_A1ERA_A202_ref.pdb,/data/lab_vm/append_only/inhibition/05_redock_benchmark/cases_1/boxes/9V6P_A1ERA_A202.json,A,/data/lab_vm/append_only/inhibition/05_redock_benchmark/cases_1/refs_6vaj/9V6P_A1ERA_A202_ref6vaj.pdb,0.446,113.0,True,1.0,6.12,True,case,,/data/lab_vm/append_only/inhibition/05_redock_benchmark/dock_1/self/9V6P_A1ERA_A202/poses,/data/lab_vm/append_only/inhibition/05_redock_benchmark/dock_1/cross/poses,2.3289934273448223,6.710951273850824,-4.4,-4.2,5,2.365461834887152,2.3635311750397143,15.1,2.3289934273448223,9,3.6885261701243643,9
9V6W,X-RAY DIFFRACTION,2.1,A1ERA,"3-[bis(oxidanyl)methyl]pentane-1,1,3,5,5-pentol",C6 H14 O7,198.171,non-polymer,C(C(O)O)C(CC(O)O)(C(O)O)O,13,A,ligand,drug_like,9V6W_A1ERA_A201,A,201,13,0,2.714,False,False,1776.0,163.0,61.0,0.0,/data/lab_vm/append_only/inhibition/05_redock_benchmark/cases_1/receptors/9V6W/receptor.pdbqt,/data/lab_vm/append_only/inhibition/05_redock_benchmark/cases_1/refs/9V6W_A1ERA_A201_ref.pdb,/data/lab_vm/append_only/inhibition/05_redock_benchmark/cases_1/boxes/9V6W_A1ERA_A201.json,A,/data/lab_vm/append_only/inhibition/05_redock_benchmark/cases_1/refs_6vaj/9V6W_A1ERA_A201_ref6vaj.pdb,0.441,113.0,True,1.0,5.46,True,case,,/data/lab_vm/append_only/inhibition/05_redock_benchmark/dock_1/self/9V6W_A1ERA_A201/poses,/data/lab_vm/append_only/inhibition/05_redock_benchmark/dock_1/cross/poses,3.0024493590810413,4.562216330486077,-4.2,-4.7,5,2.7952885498501003,2.679279093625459,14.5,2.6346199550774507,9,4.562216330486077,9
