rgroup_id,linker_id,linker_smiles,aryl_smiles,fragment_smiles,aryl_heavy_atoms,aryl_mw,chembl_pool_frequency
rg0000,direct,,c1ccccc1,[*]c1ccccc1,6,78.11,1144
rg0001,1C,C,c1ccccc1,[*]Cc1ccccc1,6,78.11,1144
rg0002,2C,CC,c1ccccc1,[*]CCc1ccccc1,6,78.11,1144
rg0003,3C,CCC,c1ccccc1,[*]CCCc1ccccc1,6,78.11,1144
rg0004,alpha_Me,C(C),c1ccccc1,[*]C(C)c1ccccc1,6,78.11,1144
rg0005,gem_diMe,C(C)(C),c1ccccc1,[*]C(C)(C)c1ccccc1,6,78.11,1144
rg0006,direct,,c1ccc(-c2ccccc2)cc1,[*]c1ccc(-c2ccccc2)cc1,12,154.21,98
rg0007,1C,C,c1ccc(-c2ccccc2)cc1,[*]Cc1ccc(-c2ccccc2)cc1,12,154.21,98
rg0008,2C,CC,c1ccc(-c2ccccc2)cc1,[*]CCc1ccc(-c2ccccc2)cc1,12,154.21,98
rg0009,3C,CCC,c1ccc(-c2ccccc2)cc1,[*]CCCc1ccc(-c2ccccc2)cc1,12,154.21,98
rg0010,alpha_Me,C(C),c1ccc(-c2ccccc2)cc1,[*]C(C)c1ccc(-c2ccccc2)cc1,12,154.21,98
rg0011,gem_diMe,C(C)(C),c1ccc(-c2ccccc2)cc1,[*]C(C)(C)c1ccc(-c2ccccc2)cc1,12,154.21,98
rg0012,direct,,c1c[nH]cn1,[*]c1c[nH]cn1,5,68.08,62
rg0013,1C,C,c1c[nH]cn1,[*]Cc1c[nH]cn1,5,68.08,62
rg0014,2C,CC,c1c[nH]cn1,[*]CCc1c[nH]cn1,5,68.08,62
rg0015,3C,CCC,c1c[nH]cn1,[*]CCCc1c[nH]cn1,5,68.08,62
rg0016,alpha_Me,C(C),c1c[nH]cn1,[*]C(C)c1c[nH]cn1,5,68.08,62
rg0017,gem_diMe,C(C)(C),c1c[nH]cn1,[*]C(C)(C)c1c[nH]cn1,5,68.08,62
rg0018,direct,,c1ccc(-c2cscn2)cc1,[*]c1ccc(-c2cscn2)cc1,11,161.23,60
rg0019,1C,C,c1ccc(-c2cscn2)cc1,[*]Cc1ccc(-c2cscn2)cc1,11,161.23,60
rg0020,2C,CC,c1ccc(-c2cscn2)cc1,[*]CCc1ccc(-c2cscn2)cc1,11,161.23,60
rg0021,3C,CCC,c1ccc(-c2cscn2)cc1,[*]CCCc1ccc(-c2cscn2)cc1,11,161.23,60
rg0022,alpha_Me,C(C),c1ccc(-c2cscn2)cc1,[*]C(C)c1ccc(-c2cscn2)cc1,11,161.23,60
rg0023,gem_diMe,C(C)(C),c1ccc(-c2cscn2)cc1,[*]C(C)(C)c1ccc(-c2cscn2)cc1,11,161.23,60
rg0024,direct,,c1ccc2ncccc2c1,[*]c1ccc2ncccc2c1,10,129.16,57
rg0025,1C,C,c1ccc2ncccc2c1,[*]Cc1ccc2ncccc2c1,10,129.16,57
rg0026,2C,CC,c1ccc2ncccc2c1,[*]CCc1ccc2ncccc2c1,10,129.16,57
rg0027,3C,CCC,c1ccc2ncccc2c1,[*]CCCc1ccc2ncccc2c1,10,129.16,57
rg0028,alpha_Me,C(C),c1ccc2ncccc2c1,[*]C(C)c1ccc2ncccc2c1,10,129.16,57
rg0029,gem_diMe,C(C)(C),c1ccc2ncccc2c1,[*]C(C)(C)c1ccc2ncccc2c1,10,129.16,57
rg0030,direct,,c1ccncc1,[*]c1ccncc1,6,79.1,50
rg0031,1C,C,c1ccncc1,[*]Cc1ccncc1,6,79.1,50
rg0032,2C,CC,c1ccncc1,[*]CCc1ccncc1,6,79.1,50
rg0033,3C,CCC,c1ccncc1,[*]CCCc1ccncc1,6,79.1,50
rg0034,alpha_Me,C(C),c1ccncc1,[*]C(C)c1ccncc1,6,79.1,50
rg0035,gem_diMe,C(C)(C),c1ccncc1,[*]C(C)(C)c1ccncc1,6,79.1,50
rg0036,direct,,c1ccc2[nH]ccc2c1,[*]c1ccc2[nH]ccc2c1,9,117.15,49
rg0037,1C,C,c1ccc2[nH]ccc2c1,[*]Cc1ccc2[nH]ccc2c1,9,117.15,49
rg0038,2C,CC,c1ccc2[nH]ccc2c1,[*]CCc1ccc2[nH]ccc2c1,9,117.15,49
rg0039,3C,CCC,c1ccc2[nH]ccc2c1,[*]CCCc1ccc2[nH]ccc2c1,9,117.15,49
rg0040,alpha_Me,C(C),c1ccc2[nH]ccc2c1,[*]C(C)c1ccc2[nH]ccc2c1,9,117.15,49
rg0041,gem_diMe,C(C)(C),c1ccc2[nH]ccc2c1,[*]C(C)(C)c1ccc2[nH]ccc2c1,9,117.15,49
rg0042,direct,,c1ccc2c(c1)CCO2,[*]c1ccc2c(c1)CCO2,9,120.15,48
rg0043,1C,C,c1ccc2c(c1)CCO2,[*]Cc1ccc2c(c1)CCO2,9,120.15,48
rg0044,2C,CC,c1ccc2c(c1)CCO2,[*]CCc1ccc2c(c1)CCO2,9,120.15,48
rg0045,3C,CCC,c1ccc2c(c1)CCO2,[*]CCCc1ccc2c(c1)CCO2,9,120.15,48
rg0046,alpha_Me,C(C),c1ccc2c(c1)CCO2,[*]C(C)c1ccc2c(c1)CCO2,9,120.15,48
rg0047,gem_diMe,C(C)(C),c1ccc2c(c1)CCO2,[*]C(C)(C)c1ccc2c(c1)CCO2,9,120.15,48
rg0048,direct,,c1ccc2ncncc2c1,[*]c1ccc2ncncc2c1,10,130.15,45
rg0049,1C,C,c1ccc2ncncc2c1,[*]Cc1ccc2ncncc2c1,10,130.15,45
rg0050,2C,CC,c1ccc2ncncc2c1,[*]CCc1ccc2ncncc2c1,10,130.15,45
rg0051,3C,CCC,c1ccc2ncncc2c1,[*]CCCc1ccc2ncncc2c1,10,130.15,45
rg0052,alpha_Me,C(C),c1ccc2ncncc2c1,[*]C(C)c1ccc2ncncc2c1,10,130.15,45
rg0053,gem_diMe,C(C)(C),c1ccc2ncncc2c1,[*]C(C)(C)c1ccc2ncncc2c1,10,130.15,45
rg0054,direct,,c1ccc2ccccc2c1,[*]c1ccc2ccccc2c1,10,128.17,40
rg0055,1C,C,c1ccc2ccccc2c1,[*]Cc1ccc2ccccc2c1,10,128.17,40
rg0056,2C,CC,c1ccc2ccccc2c1,[*]CCc1ccc2ccccc2c1,10,128.17,40
rg0057,3C,CCC,c1ccc2ccccc2c1,[*]CCCc1ccc2ccccc2c1,10,128.17,40
rg0058,alpha_Me,C(C),c1ccc2ccccc2c1,[*]C(C)c1ccc2ccccc2c1,10,128.17,40
rg0059,gem_diMe,C(C)(C),c1ccc2ccccc2c1,[*]C(C)(C)c1ccc2ccccc2c1,10,128.17,40
rg0060,direct,,c1ccc(N2CCNCC2)cc1,[*]c1ccc(N2CCNCC2)cc1,12,162.24,40
rg0061,1C,C,c1ccc(N2CCNCC2)cc1,[*]Cc1ccc(N2CCNCC2)cc1,12,162.24,40
rg0062,2C,CC,c1ccc(N2CCNCC2)cc1,[*]CCc1ccc(N2CCNCC2)cc1,12,162.24,40
rg0063,3C,CCC,c1ccc(N2CCNCC2)cc1,[*]CCCc1ccc(N2CCNCC2)cc1,12,162.24,40
rg0064,alpha_Me,C(C),c1ccc(N2CCNCC2)cc1,[*]C(C)c1ccc(N2CCNCC2)cc1,12,162.24,40
rg0065,gem_diMe,C(C)(C),c1ccc(N2CCNCC2)cc1,[*]C(C)(C)c1ccc(N2CCNCC2)cc1,12,162.24,40
rg0066,direct,,c1ccc2c(c1)CCCC2,[*]c1ccc2c(c1)CCCC2,10,132.21,39
rg0067,1C,C,c1ccc2c(c1)CCCC2,[*]Cc1ccc2c(c1)CCCC2,10,132.21,39
rg0068,2C,CC,c1ccc2c(c1)CCCC2,[*]CCc1ccc2c(c1)CCCC2,10,132.21,39
rg0069,3C,CCC,c1ccc2c(c1)CCCC2,[*]CCCc1ccc2c(c1)CCCC2,10,132.21,39
rg0070,alpha_Me,C(C),c1ccc2c(c1)CCCC2,[*]C(C)c1ccc2c(c1)CCCC2,10,132.21,39
rg0071,gem_diMe,C(C)(C),c1ccc2c(c1)CCCC2,[*]C(C)(C)c1ccc2c(c1)CCCC2,10,132.21,39
rg0072,direct,,C1=NC=NCN1c1ccccc1,[*]C1=NC=NCN1c1ccccc1,12,159.19,38
rg0073,1C,C,C1=NC=NCN1c1ccccc1,[*]CC1=NC=NCN1c1ccccc1,12,159.19,38
rg0074,2C,CC,C1=NC=NCN1c1ccccc1,[*]CCC1=NC=NCN1c1ccccc1,12,159.19,38
rg0075,3C,CCC,C1=NC=NCN1c1ccccc1,[*]CCCC1=NC=NCN1c1ccccc1,12,159.19,38
rg0076,alpha_Me,C(C),C1=NC=NCN1c1ccccc1,[*]C(C)C1=NC=NCN1c1ccccc1,12,159.19,38
rg0077,gem_diMe,C(C)(C),C1=NC=NCN1c1ccccc1,[*]C(C)(C)C1=NC=NCN1c1ccccc1,12,159.19,38
rg0078,direct,,c1ccc(NC2CCCC2)cc1,[*]c1ccc(NC2CCCC2)cc1,12,161.25,36
rg0079,1C,C,c1ccc(NC2CCCC2)cc1,[*]Cc1ccc(NC2CCCC2)cc1,12,161.25,36
rg0080,2C,CC,c1ccc(NC2CCCC2)cc1,[*]CCc1ccc(NC2CCCC2)cc1,12,161.25,36
rg0081,3C,CCC,c1ccc(NC2CCCC2)cc1,[*]CCCc1ccc(NC2CCCC2)cc1,12,161.25,36
rg0082,alpha_Me,C(C),c1ccc(NC2CCCC2)cc1,[*]C(C)c1ccc(NC2CCCC2)cc1,12,161.25,36
rg0083,gem_diMe,C(C)(C),c1ccc(NC2CCCC2)cc1,[*]C(C)(C)c1ccc(NC2CCCC2)cc1,12,161.25,36
rg0084,direct,,c1ncc2nc[nH]c2n1,[*]c1ncc2nc[nH]c2n1,9,120.11,35
rg0085,1C,C,c1ncc2nc[nH]c2n1,[*]Cc1ncc2nc[nH]c2n1,9,120.11,35
rg0086,2C,CC,c1ncc2nc[nH]c2n1,[*]CCc1ncc2nc[nH]c2n1,9,120.11,35
rg0087,3C,CCC,c1ncc2nc[nH]c2n1,[*]CCCc1ncc2nc[nH]c2n1,9,120.11,35
rg0088,alpha_Me,C(C),c1ncc2nc[nH]c2n1,[*]C(C)c1ncc2nc[nH]c2n1,9,120.11,35
rg0089,gem_diMe,C(C)(C),c1ncc2nc[nH]c2n1,[*]C(C)(C)c1ncc2nc[nH]c2n1,9,120.11,35
rg0090,direct,,c1ccc(-c2nncs2)cc1,[*]c1ccc(-c2nncs2)cc1,11,162.22,35
rg0091,1C,C,c1ccc(-c2nncs2)cc1,[*]Cc1ccc(-c2nncs2)cc1,11,162.22,35
rg0092,2C,CC,c1ccc(-c2nncs2)cc1,[*]CCc1ccc(-c2nncs2)cc1,11,162.22,35
rg0093,3C,CCC,c1ccc(-c2nncs2)cc1,[*]CCCc1ccc(-c2nncs2)cc1,11,162.22,35
rg0094,alpha_Me,C(C),c1ccc(-c2nncs2)cc1,[*]C(C)c1ccc(-c2nncs2)cc1,11,162.22,35
rg0095,gem_diMe,C(C)(C),c1ccc(-c2nncs2)cc1,[*]C(C)(C)c1ccc(-c2nncs2)cc1,11,162.22,35
rg0096,direct,,c1ccc(C2=NCCN2)cc1,[*]c1ccc(C2=NCCN2)cc1,11,146.19,30
rg0097,1C,C,c1ccc(C2=NCCN2)cc1,[*]Cc1ccc(C2=NCCN2)cc1,11,146.19,30
rg0098,2C,CC,c1ccc(C2=NCCN2)cc1,[*]CCc1ccc(C2=NCCN2)cc1,11,146.19,30
rg0099,3C,CCC,c1ccc(C2=NCCN2)cc1,[*]CCCc1ccc(C2=NCCN2)cc1,11,146.19,30
rg0100,alpha_Me,C(C),c1ccc(C2=NCCN2)cc1,[*]C(C)c1ccc(C2=NCCN2)cc1,11,146.19,30
rg0101,gem_diMe,C(C)(C),c1ccc(C2=NCCN2)cc1,[*]C(C)(C)c1ccc(C2=NCCN2)cc1,11,146.19,30
rg0102,direct,,N=c1cc/c1=N\c1ccccc1,[*]N=c1cc/c1=N\c1ccccc1,12,156.19,29
rg0103,1C,C,N=c1cc/c1=N\c1ccccc1,[*]CN=c1cc/c1=N\c1ccccc1,12,156.19,29
rg0104,2C,CC,N=c1cc/c1=N\c1ccccc1,[*]CCN=c1cc/c1=N\c1ccccc1,12,156.19,29
rg0105,3C,CCC,N=c1cc/c1=N\c1ccccc1,[*]CCCN=c1cc/c1=N\c1ccccc1,12,156.19,29
rg0106,alpha_Me,C(C),N=c1cc/c1=N\c1ccccc1,[*]C(C)N=c1cc/c1=N\c1ccccc1,12,156.19,29
rg0107,gem_diMe,C(C)(C),N=c1cc/c1=N\c1ccccc1,[*]C(C)(C)N=c1cc/c1=N\c1ccccc1,12,156.19,29
rg0108,direct,,c1ccc(NC2=NCCN2)cc1,[*]c1ccc(NC2=NCCN2)cc1,12,161.21,21
rg0109,1C,C,c1ccc(NC2=NCCN2)cc1,[*]Cc1ccc(NC2=NCCN2)cc1,12,161.21,21
rg0110,2C,CC,c1ccc(NC2=NCCN2)cc1,[*]CCc1ccc(NC2=NCCN2)cc1,12,161.21,21
rg0111,3C,CCC,c1ccc(NC2=NCCN2)cc1,[*]CCCc1ccc(NC2=NCCN2)cc1,12,161.21,21
rg0112,alpha_Me,C(C),c1ccc(NC2=NCCN2)cc1,[*]C(C)c1ccc(NC2=NCCN2)cc1,12,161.21,21
rg0113,gem_diMe,C(C)(C),c1ccc(NC2=NCCN2)cc1,[*]C(C)(C)c1ccc(NC2=NCCN2)cc1,12,161.21,21
rg0114,direct,,C1=Cc2ccccc2OC1,[*]C1=Cc2ccccc2OC1,10,132.16,19
rg0115,1C,C,C1=Cc2ccccc2OC1,[*]CC1=Cc2ccccc2OC1,10,132.16,19
rg0116,2C,CC,C1=Cc2ccccc2OC1,[*]CCC1=Cc2ccccc2OC1,10,132.16,19
rg0117,3C,CCC,C1=Cc2ccccc2OC1,[*]CCCC1=Cc2ccccc2OC1,10,132.16,19
rg0118,alpha_Me,C(C),C1=Cc2ccccc2OC1,[*]C(C)C1=Cc2ccccc2OC1,10,132.16,19
rg0119,gem_diMe,C(C)(C),C1=Cc2ccccc2OC1,[*]C(C)(C)C1=Cc2ccccc2OC1,10,132.16,19
rg0120,direct,,c1ccc(CCCC2CO2)cc1,[*]c1ccc(CCCC2CO2)cc1,12,162.23,19
rg0121,1C,C,c1ccc(CCCC2CO2)cc1,[*]Cc1ccc(CCCC2CO2)cc1,12,162.23,19
rg0122,2C,CC,c1ccc(CCCC2CO2)cc1,[*]CCc1ccc(CCCC2CO2)cc1,12,162.23,19
rg0123,3C,CCC,c1ccc(CCCC2CO2)cc1,[*]CCCc1ccc(CCCC2CO2)cc1,12,162.23,19
rg0124,alpha_Me,C(C),c1ccc(CCCC2CO2)cc1,[*]C(C)c1ccc(CCCC2CO2)cc1,12,162.23,19
rg0125,gem_diMe,C(C)(C),c1ccc(CCCC2CO2)cc1,[*]C(C)(C)c1ccc(CCCC2CO2)cc1,12,162.23,19
rg0126,direct,,c1ccc2c(c1)CCCO2,[*]c1ccc2c(c1)CCCO2,10,134.18,18
rg0127,1C,C,c1ccc2c(c1)CCCO2,[*]Cc1ccc2c(c1)CCCO2,10,134.18,18
rg0128,2C,CC,c1ccc2c(c1)CCCO2,[*]CCc1ccc2c(c1)CCCO2,10,134.18,18
rg0129,3C,CCC,c1ccc2c(c1)CCCO2,[*]CCCc1ccc2c(c1)CCCO2,10,134.18,18
rg0130,alpha_Me,C(C),c1ccc2c(c1)CCCO2,[*]C(C)c1ccc2c(c1)CCCO2,10,134.18,18
rg0131,gem_diMe,C(C)(C),c1ccc2c(c1)CCCO2,[*]C(C)(C)c1ccc2c(c1)CCCO2,10,134.18,18
rg0132,direct,,C1=C(c2ncno2)CNCC1,[*]C1=C(c2ncno2)CNCC1,11,151.17,17
rg0133,1C,C,C1=C(c2ncno2)CNCC1,[*]CC1=C(c2ncno2)CNCC1,11,151.17,17
rg0134,2C,CC,C1=C(c2ncno2)CNCC1,[*]CCC1=C(c2ncno2)CNCC1,11,151.17,17
rg0135,3C,CCC,C1=C(c2ncno2)CNCC1,[*]CCCC1=C(c2ncno2)CNCC1,11,151.17,17
rg0136,alpha_Me,C(C),C1=C(c2ncno2)CNCC1,[*]C(C)C1=C(c2ncno2)CNCC1,11,151.17,17
rg0137,gem_diMe,C(C)(C),C1=C(c2ncno2)CNCC1,[*]C(C)(C)C1=C(c2ncno2)CNCC1,11,151.17,17
rg0138,direct,,c1noc2c1CNCC2,[*]c1noc2c1CNCC2,9,124.14,14
rg0139,1C,C,c1noc2c1CNCC2,[*]Cc1noc2c1CNCC2,9,124.14,14
rg0140,2C,CC,c1noc2c1CNCC2,[*]CCc1noc2c1CNCC2,9,124.14,14
rg0141,3C,CCC,c1noc2c1CNCC2,[*]CCCc1noc2c1CNCC2,9,124.14,14
rg0142,alpha_Me,C(C),c1noc2c1CNCC2,[*]C(C)c1noc2c1CNCC2,9,124.14,14
rg0143,gem_diMe,C(C)(C),c1noc2c1CNCC2,[*]C(C)(C)c1noc2c1CNCC2,9,124.14,14
rg0144,direct,,c1cnoc1,[*]c1cnoc1,5,69.06,14
rg0145,1C,C,c1cnoc1,[*]Cc1cnoc1,5,69.06,14
rg0146,2C,CC,c1cnoc1,[*]CCc1cnoc1,5,69.06,14
rg0147,3C,CCC,c1cnoc1,[*]CCCc1cnoc1,5,69.06,14
rg0148,alpha_Me,C(C),c1cnoc1,[*]C(C)c1cnoc1,5,69.06,14
rg0149,gem_diMe,C(C)(C),c1cnoc1,[*]C(C)(C)c1cnoc1,5,69.06,14
rg0150,direct,,c1ccc2nccnc2c1,[*]c1ccc2nccnc2c1,10,130.15,14
rg0151,1C,C,c1ccc2nccnc2c1,[*]Cc1ccc2nccnc2c1,10,130.15,14
rg0152,2C,CC,c1ccc2nccnc2c1,[*]CCc1ccc2nccnc2c1,10,130.15,14
rg0153,3C,CCC,c1ccc2nccnc2c1,[*]CCCc1ccc2nccnc2c1,10,130.15,14
rg0154,alpha_Me,C(C),c1ccc2nccnc2c1,[*]C(C)c1ccc2nccnc2c1,10,130.15,14
rg0155,gem_diMe,C(C)(C),c1ccc2nccnc2c1,[*]C(C)(C)c1ccc2nccnc2c1,10,130.15,14
rg0156,direct,,c1ccc2[nH+]ccnc2c1,[*]c1ccc2[nH+]ccnc2c1,10,131.16,14
rg0157,1C,C,c1ccc2[nH+]ccnc2c1,[*]Cc1ccc2[nH+]ccnc2c1,10,131.16,14
rg0158,2C,CC,c1ccc2[nH+]ccnc2c1,[*]CCc1ccc2[nH+]ccnc2c1,10,131.16,14
rg0159,3C,CCC,c1ccc2[nH+]ccnc2c1,[*]CCCc1ccc2[nH+]ccnc2c1,10,131.16,14
rg0160,alpha_Me,C(C),c1ccc2[nH+]ccnc2c1,[*]C(C)c1ccc2[nH+]ccnc2c1,10,131.16,14
rg0161,gem_diMe,C(C)(C),c1ccc2[nH+]ccnc2c1,[*]C(C)(C)c1ccc2[nH+]ccnc2c1,10,131.16,14
rg0162,direct,,c1ccc2c(c1)CCC2,[*]c1ccc2c(c1)CCC2,9,118.18,13
rg0163,1C,C,c1ccc2c(c1)CCC2,[*]Cc1ccc2c(c1)CCC2,9,118.18,13
rg0164,2C,CC,c1ccc2c(c1)CCC2,[*]CCc1ccc2c(c1)CCC2,9,118.18,13
rg0165,3C,CCC,c1ccc2c(c1)CCC2,[*]CCCc1ccc2c(c1)CCC2,9,118.18,13
rg0166,alpha_Me,C(C),c1ccc2c(c1)CCC2,[*]C(C)c1ccc2c(c1)CCC2,9,118.18,13
rg0167,gem_diMe,C(C)(C),c1ccc2c(c1)CCC2,[*]C(C)(C)c1ccc2c(c1)CCC2,9,118.18,13
rg0168,direct,,c1cc2c3c(c1)ncn3CCC2,[*]c1cc2c3c(c1)ncn3CCC2,12,158.2,13
rg0169,1C,C,c1cc2c3c(c1)ncn3CCC2,[*]Cc1cc2c3c(c1)ncn3CCC2,12,158.2,13
rg0170,2C,CC,c1cc2c3c(c1)ncn3CCC2,[*]CCc1cc2c3c(c1)ncn3CCC2,12,158.2,13
rg0171,3C,CCC,c1cc2c3c(c1)ncn3CCC2,[*]CCCc1cc2c3c(c1)ncn3CCC2,12,158.2,13
rg0172,alpha_Me,C(C),c1cc2c3c(c1)ncn3CCC2,[*]C(C)c1cc2c3c(c1)ncn3CCC2,12,158.2,13
rg0173,gem_diMe,C(C)(C),c1cc2c3c(c1)ncn3CCC2,[*]C(C)(C)c1cc2c3c(c1)ncn3CCC2,12,158.2,13
rg0174,direct,,c1cc[nH+]cc1,[*]c1cc[nH+]cc1,6,80.11,13
rg0175,1C,C,c1cc[nH+]cc1,[*]Cc1cc[nH+]cc1,6,80.11,13
rg0176,2C,CC,c1cc[nH+]cc1,[*]CCc1cc[nH+]cc1,6,80.11,13
rg0177,3C,CCC,c1cc[nH+]cc1,[*]CCCc1cc[nH+]cc1,6,80.11,13
rg0178,alpha_Me,C(C),c1cc[nH+]cc1,[*]C(C)c1cc[nH+]cc1,6,80.11,13
rg0179,gem_diMe,C(C)(C),c1cc[nH+]cc1,[*]C(C)(C)c1cc[nH+]cc1,6,80.11,13
rg0180,direct,,C1=[NH+]CCc2ccccc21,[*]C1=[NH+]CCc2ccccc21,10,132.19,13
rg0181,1C,C,C1=[NH+]CCc2ccccc21,[*]CC1=[NH+]CCc2ccccc21,10,132.19,13
rg0182,2C,CC,C1=[NH+]CCc2ccccc21,[*]CCC1=[NH+]CCc2ccccc21,10,132.19,13
rg0183,3C,CCC,C1=[NH+]CCc2ccccc21,[*]CCCC1=[NH+]CCc2ccccc21,10,132.19,13
rg0184,alpha_Me,C(C),C1=[NH+]CCc2ccccc21,[*]C(C)C1=[NH+]CCc2ccccc21,10,132.19,13
rg0185,gem_diMe,C(C)(C),C1=[NH+]CCc2ccccc21,[*]C(C)(C)C1=[NH+]CCc2ccccc21,10,132.19,13
rg0186,direct,,c1cc2c(c(C3CC3)c1)OCN2,[*]c1cc2c(c(C3CC3)c1)OCN2,12,161.2,13
rg0187,1C,C,c1cc2c(c(C3CC3)c1)OCN2,[*]Cc1cc2c(c(C3CC3)c1)OCN2,12,161.2,13
rg0188,2C,CC,c1cc2c(c(C3CC3)c1)OCN2,[*]CCc1cc2c(c(C3CC3)c1)OCN2,12,161.2,13
rg0189,3C,CCC,c1cc2c(c(C3CC3)c1)OCN2,[*]CCCc1cc2c(c(C3CC3)c1)OCN2,12,161.2,13
rg0190,alpha_Me,C(C),c1cc2c(c(C3CC3)c1)OCN2,[*]C(C)c1cc2c(c(C3CC3)c1)OCN2,12,161.2,13
rg0191,gem_diMe,C(C)(C),c1cc2c(c(C3CC3)c1)OCN2,[*]C(C)(C)c1cc2c(c(C3CC3)c1)OCN2,12,161.2,13
rg0192,direct,,c1ccc2scnc2c1,[*]c1ccc2scnc2c1,9,135.19,12
rg0193,1C,C,c1ccc2scnc2c1,[*]Cc1ccc2scnc2c1,9,135.19,12
rg0194,2C,CC,c1ccc2scnc2c1,[*]CCc1ccc2scnc2c1,9,135.19,12
rg0195,3C,CCC,c1ccc2scnc2c1,[*]CCCc1ccc2scnc2c1,9,135.19,12
rg0196,alpha_Me,C(C),c1ccc2scnc2c1,[*]C(C)c1ccc2scnc2c1,9,135.19,12
rg0197,gem_diMe,C(C)(C),c1ccc2scnc2c1,[*]C(C)(C)c1ccc2scnc2c1,9,135.19,12
