class_id,display_name,warhead_fragment_smiles,mechanism,reactive_atom_smarts,leaving_group,precedent,structure_status,structure_source,notes
chloroacetamide,Chloroacetamide,"[*]C(=O)CCl",sn2_displacement,"[CH2][Cl]",chloride,anchored_verified,VERIFIED,"derived from verified Sulfopin SMILES (Dubiella 2021, PDB 6VAJ)","The reference chemotype. Measured k = 0.028 M-1 s-1 (Reddi 2023 Fig 5C)."
sulfamate_acetamide,Sulfamate acetamide,"[*]C(=O)COS(=O)(=O)Nc1ccccc1",sn2_displacement,"[CH2][OX2][SX4](=O)(=O)",sulfamate,anchored_verified,VERIFIED,"Reddi 2023 JACS 10.1021/jacs.2c08853 Figure 5A (4b-4g)","Tunable: the N-substituent sets k across ~0.005-0.068 M-1 s-1."
sulfonate_acetamide,Sulfonate acetamide (mesylate),"[*]C(=O)COS(=O)(=O)C",sn2_displacement,"[CH2][OX2][SX4](=O)(=O)",sulfonate,anchored_verified,VERIFIED,"Reddi 2023 Figure 5A (compound 4a)","Labels Pin1 poorly (~17%) despite high k — a reactivity anchor, not a good binder."
bdhi_c5,"BDHI attached at C5","[*]C1CC(Br)=NO1",sn2_ring_opening,"[CX3]([Br])=[NX2]",bromide,anchored_verified,DESIGNED_UNTESTED,"warhead class PubChem CID 21983498; attachment at C5 follows the usual literature elaboration of BDHI fragments","C3 bears Br and is the attack site, so attachment must be C4 or C5. C5 is the literature-conventional position. Competing hypothesis: bdhi_c4."
bdhi_c4,"BDHI attached at C4","[*]C1C(Br)=NOC1",sn2_ring_opening,"[CX3]([Br])=[NX2]",bromide,anchored_verified,DESIGNED_UNTESTED,"warhead class PubChem CID 21983498; attachment at C4","Alternative to bdhi_c5. Places the core adjacent to the reactive carbon, which may hinder Cys approach — exactly what the 5b gate and docking will show."
naphthoquinone_c2,"1,4-naphthoquinone attached at C2","[*]C1=CC(=O)c2ccccc2C1=O",michael_addition,"[CX3]=[CX3][CX3]=O",none_addition,anchored_verified,DESIGNED_UNTESTED,"juglone and KPT-6566 verified in anchors_2; KPT-6566 carries a thioether at this ring position","Leaves C3 as the Michael acceptor. Substitution on the quinone ring modulates acceptor electronics, so LUMO must be recomputed for the attached form, not inherited from juglone."
naphthoquinone_benzo,"1,4-naphthoquinone attached on the benzo ring","[*]c1ccc2C(=O)C=CC(=O)c2c1",michael_addition,"[CX3]=[CX3][CX3]=O",none_addition,anchored_verified,DESIGNED_UNTESTED,"juglone is 5-hydroxy-1,4-naphthoquinone — substitution on the benzo ring is precedented","Leaves BOTH quinone positions free and perturbs acceptor electronics least, at the cost of a longer core-to-warhead distance."
acrylamide,Acrylamide,"[*]C(=O)C=C",michael_addition,"[CX3]=[CX3][CX3]=O",none_addition,exploratory,VERIFIED,"T_3 expert-chosen warhead (PI, 2026-07-27); acrylamide is a standard covalent Michael acceptor but has NO validated covalent-Cys113 Pin1 precedent","EXPLORATORY for this target, not anchored. Chosen up front for T_3, which is why T_3 needs no warhead-reactivity triage. NOT admissible as a reactivity-window anchor: the project earlier had its own acrylamide lead, and control B5 excludes the project's own leads as anchors."
snar_chloroazine,SNAr chloro-azine,"[*]c1nc(Cl)ncc1[N+](=O)[O-]",snar_displacement,"[c]([Cl])[n]",chloride,anchored_verified,VERIFIED,"Tian 2025 — 2-chloro-5-nitropyrimidine with an X-ray-confirmed Cys113 adduct; class recorded from the anchor in pin1_reference_binders_2.csv","2-chloro-5-nitropyrimidin-4-yl: attachment at C4, chlorine retained at C2 (the SNAr leaving group), nitro at C5 activating the ring. An earlier version of this row omitted the chlorine entirely and the warhead-validity gate correctly killed all 198 products. Aryl chloride displaced by SNAr, NOT a CH2-Cl. Mechanistically distinct from chloroacetamide and was initially misassigned to it, which produced a dock with no matching reactive atom. The SMARTS requires a ring nitrogen adjacent to the C-Cl so plain chlorobenzenes do not match."
